{
    "config": {
        "crypto-currencies": {
            "Bitcoin": {
                "enabled": true,
                "pairs": [
                    "BTC/USD"
                ]
            }
        },
        "exchanges": {},
        "trader": {
            "enabled": false,
            "load-trade-history": false
        },
        "trader-simulator": {
            "enabled": true,
            "fees": {
                "maker": 0.01,
                "taker": 0.06
            },
            "starting-portfolio": {
                "BTC": 0,
                "USD": 10000,
                "USDT": 0
            }
        },
        "trading": {
            "reference-market": "USD",
            "risk": 0.5
        }
    },
    "profile": {
        "avatar": "matrix-icon.png",
        "description": "",
        "id": "b5939382-9654-4fa9-8093-7f9cac8e6b78",
        "imported": false,
        "name": "Max - DCA monthly",
        "origin_url": null,
        "read_only": false
    }
}