{
    "ADX_length_(m-s1-e3-i1)": "Heikin Ashi close",
    "ADX_length_(m-s1-e3-i2)": "Heikin Ashi open",
    "Amount_of_Evaluators_combined_together_(s1)": 5,
    "Bars_it_takes_to_confirm_divergence_(m-s1-e1)": 1,
    "Bollinger_Bands_Standard_Deviation_(m-s1-e2-i2)": 2,
    "Bollinger_Bands_length_(m-s1-e2-i2)": 12,
    "Candles_history_size": 1500,
    "Candles_history_size_(set_it_to_10_while_backtesting)": 10,
    "EMA_length_(m-s1-e1-i1)": 500,
    "EMA_length_(m-s1-e1-i2)": 100,
    "EMA_length_(m-s1-e2-i1)": 50,
    "EMA_length_(m-s1-e2-i2)": 150,
    "EMA_length_(m-s1-e3-i1)": 50,
    "EMA_length_(m-s1-e3-i2)": 50,
    "EMA_length_(m-s1-e4-i1)": 50,
    "EMA_length_(m-s1-e4-i2)": 50,
    "EMA_length_(m-s1-e5-i1)": 50,
    "EMA_length_(m-s1-e5-i2)": 50,
    "EMA_length_(m-s1-e6-i1)": 50,
    "EMA_length_(mo-i1)": 50,
    "Live_Plotting_Mode": "replot visible history",
    "MACD_fast_length_(m-s1-e1-i2-i1)": 12,
    "MACD_fast_length_(m-s1-e2-i1)": 12,
    "MACD_fast_length_(m-s1-e3-i1)": 12,
    "MACD_fast_length_(m-s1-e3-i2)": 12,
    "MACD_fast_length_(m-s1-e6-i1)": 12,
    "MACD_signal_smoothing_(m-s1-e1-i2-i1)": 9,
    "MACD_signal_smoothing_(m-s1-e2-i1)": 9,
    "MACD_signal_smoothing_(m-s1-e3-i1)": 9,
    "MACD_signal_smoothing_(m-s1-e3-i2)": 9,
    "MACD_signal_smoothing_(m-s1-e6-i1)": 9,
    "MACD_slow_length_(m-s1-e1-i2-i1)": 26,
    "MACD_slow_length_(m-s1-e2-i1)": 26,
    "MACD_slow_length_(m-s1-e3-i1)": 26,
    "MACD_slow_length_(m-s1-e3-i2)": 26,
    "MACD_slow_length_(m-s1-e6-i1)": 26,
    "Managed_Order_Settings": {
        "Entry Settings": {},
        "Exit Settings": {
            "Stop Loss Settings": {
                "Trailing Stop Settings": {}
            },
            "Take Profit Settings": {}
        },
        "Position Size Settings": {}
    },
    "Plot_ADX_(m-s1-e3-i2)": true,
    "Plot_EMA_(m-s1-e1-i1)": true,
    "Plot_EMA_(m-s1-e1-i2)": true,
    "Plot_EMA_(m-s1-e2-i1)": true,
    "Plot_EMA_(m-s1-e2-i2)": true,
    "Plot_EMA_(m-s1-e3-i1)": true,
    "Plot_EMA_(m-s1-e3-i2)": true,
    "Plot_EMA_(m-s1-e4-i1)": true,
    "Plot_EMA_(m-s1-e4-i2)": true,
    "Plot_EMA_(m-s1-e5-i1)": true,
    "Plot_EMA_(m-s1-e5-i2)": true,
    "Plot_EMA_(m-s1-e6-i1)": true,
    "Plot_EMA_(mo-i1)": true,
    "Plot_Heikin_Ashi_(m-s1-e3-i1)": true,
    "Plot_Heikin_Ashi_(m-s1-e3-i2)": true,
    "Plot_Heikin_Ashi_(m-s1-e4-i1)": true,
    "Plot_Heikin_Ashi_(m-s1-e4-i2)": true,
    "Plot_Heikin_Ashi_(m-s1-e5-i1)": true,
    "Plot_Heikin_Ashi_(m-s1-e5-i2)": true,
    "Plot_SMA_(m-s1-e1-i1)": true,
    "Plot_SMA_(m-s1-e4-i1)": true,
    "Plot_SMA_(m-s1-e4-i2)": true,
    "Plot_Supertrend_(m-s1-e3-i2)": true,
    "Plot_Supertrend_(mo-i1)": true,
    "Plot_VWMA_(m-s1-e2-i1)": true,
    "Plot_VWMA_(m-s1-e2-i2)": true,
    "Plot_when_EMA_is_below_(m-s1-e2)": true,
    "Plot_when_EMA_is_rising_(m-s1-e1)": true,
    "Plot_when_EMA_is_rising_(m-s1-e2)": true,
    "Plot_when_EMA_is_rising_(m-s1-e3)": true,
    "Plot_when_EMA_is_rising_(m-s1-e4)": true,
    "Plot_when_EMA_is_rising_(m-s1-e5)": true,
    "Plot_when_EMA_is_rising_(m-s1-e6)": true,
    "Plot_when_MACD_is_below_(m-s1-e2)": true,
    "Plot_when_MACD_is_crossing_up_MACD_signal_(m-s1-e3)": true,
    "Plot_when_MACD_is_rising_(m-s1-e6)": true,
    "Plot_when_SMA_is_above_EMA_(m-s1-e4)": true,
    "Plot_when_SMA_is_rising_(m-s1-e1)": true,
    "Plot_when_VWMA_is_above_EMA_(m-s1-e2)": true,
    "Plot_when_VWMA_is_below_price_data_(m-s1-e2)": true,
    "Plot_when_halftrend_is_rising_(m-s1-e3)": true,
    "Plot_when_heikin_ashi_is_above_heikin_ashi_(m-s1-e4)": true,
    "Plot_when_heikin_ashi_is_above_heikin_ashi_(m-s1-e5)": true,
    "Plot_when_heikin_ashi_was_above_heikin_ashi_(m-s1-e3)": true,
    "Plot_when_price_data_is_above_ADX_(m-s1-e3)": true,
    "Plot_when_price_data_is_above_EMA_(m-s1-e1)": true,
    "Plot_when_price_data_is_above_EMA_(m-s1-e2)": true,
    "Plot_when_price_data_is_above_EMA_(m-s1-e3)": true,
    "Plot_when_price_data_is_above_EMA_(m-s1-e4)": true,
    "Plot_when_price_data_is_above_EMA_(m-s1-e5)": true,
    "Plot_when_price_data_is_above_SMA_(m-s1-e4)": true,
    "Plot_when_price_data_is_above_VWMA_(m-s1-e2)": true,
    "Plot_when_price_data_is_below_Bollinger_Band_Low_(m-s1-e2)": true,
    "Plot_when_price_data_is_crossing_up_EMA_(m-s1-e3)": true,
    "Plot_when_price_data_is_crossing_up_supertrend_(m-s1-e3)": true,
    "Plot_when_price_data_was_above_ADX_(m-s1-e3)": true,
    "Recreate_exit_orders_on_new_entrys:_When_enabled_exit_orders_will_be_replaced_with_new_ones_based_on_the_current_candle": false,
    "SL_at_low/high_buffer_in_%": 0.2,
    "SL_at_low/high_lookback_period": 4,
    "SL_in_%": 0.65,
    "SL_trailing_type": "dont move the stop loss",
    "SL_type": "SL at the low/high",
    "SMA_length_(m-s1-e1-i1)": 400,
    "SMA_length_(m-s1-e4-i1)": 50,
    "SMA_length_(m-s1-e4-i2)": 1400,
    "SMA_needs_to_be_x_percent_above_EMA_(m-s1-e4)": 0,
    "Select_Candle_Source_(m-s1-e2-i2)": "close",
    "Select_Candle_Source_for_crossing_valuesi1_(m-s1-e3)": "hlc3",
    "Select_Candle_Source_for_data_source_abovei1_(m-s1-e1)": "low",
    "Select_Candle_Source_for_data_source_abovei1_(m-s1-e2)": "close",
    "Select_Candle_Source_for_data_source_abovei1_(m-s1-e3)": "low",
    "Select_Candle_Source_for_data_source_abovei1_(m-s1-e4)": "close",
    "Select_Candle_Source_for_data_source_abovei1_(m-s1-e5)": "Heikin Ashi open",
    "Select_Candle_Source_for_data_source_abovei2_(m-s1-e2)": "low",
    "Select_Candle_Source_for_data_source_belowi1_(m-s1-e2)": "low",
    "Select_Candle_Source_for_data_source_for_pivotsi1_(m-s1-e1-i1)": "low",
    "Select_Candle_Source_for_data_source_for_pivotsi1_(m-s1-e1-i2)": "low",
    "Select_Data_Source_(m-s1-e1)": "SMA",
    "Select_Data_Source_(m-s1-e2)": "MACD",
    "Select_Data_Source_(m-s1-e3)": "halftrend",
    "Select_Data_Source_(m-s1-e4)": "EMA",
    "Select_Data_Source_(m-s1-e5)": "EMA",
    "Select_Data_Source_(m-s1-e6)": "MACD",
    "Select_EMA_Candle_Source_(m-s1-e1-i1)": "close",
    "Select_EMA_Candle_Source_(m-s1-e1-i2)": "close",
    "Select_EMA_Candle_Source_(m-s1-e2-i1)": "close",
    "Select_EMA_Candle_Source_(m-s1-e2-i2)": "close",
    "Select_EMA_Candle_Source_(m-s1-e3-i1)": "close",
    "Select_EMA_Candle_Source_(m-s1-e3-i2)": "close",
    "Select_EMA_Candle_Source_(m-s1-e4-i1)": "close",
    "Select_EMA_Candle_Source_(m-s1-e4-i2)": "close",
    "Select_EMA_Candle_Source_(m-s1-e5-i1)": "close",
    "Select_EMA_Candle_Source_(m-s1-e5-i2)": "close",
    "Select_EMA_Candle_Source_(m-s1-e6-i1)": "close",
    "Select_EMA_Candle_Source_(mo-i1)": "close",
    "Select_MACD_Candle_Source_(m-s1-e1-i2-i1)": "close",
    "Select_MACD_Candle_Source_(m-s1-e2-i1)": "close",
    "Select_MACD_Candle_Source_(m-s1-e3-i1)": "close",
    "Select_MACD_Candle_Source_(m-s1-e3-i2)": "close",
    "Select_MACD_Candle_Source_(m-s1-e6-i1)": "close",
    "Select_SL_Indicator_(mo)": "supertrend",
    "Select_SMA_Candle_Source_(m-s1-e1-i1)": "close",
    "Select_SMA_Candle_Source_(m-s1-e4-i1)": "close",
    "Select_SMA_Candle_Source_(m-s1-e4-i2)": "close",
    "Select_VWMA_Candle_Source_(m-s1-e2-i1)": "close",
    "Select_VWMA_Candle_Source_(m-s1-e2-i2)": "close",
    "Select_crossing_values_(m-s1-e3)": "price_data",
    "Select_data_source_above_(m-s1-e1)": "price_data",
    "Select_data_source_above_(m-s1-e2)": "Bollinger Band Low",
    "Select_data_source_above_(m-s1-e3)": "heikin_ashi",
    "Select_data_source_above_(m-s1-e4)": "heikin_ashi",
    "Select_data_source_above_(m-s1-e5)": "heikin_ashi",
    "Select_data_source_below_(m-s1-e1)": "EMA",
    "Select_data_source_below_(m-s1-e2)": "price_data",
    "Select_data_source_below_(m-s1-e3)": "heikin_ashi",
    "Select_data_source_below_(m-s1-e4)": "heikin_ashi",
    "Select_data_source_below_(m-s1-e5)": "heikin_ashi",
    "Select_data_source_for_pivots_(m-s1-e1-i1)": "price_data",
    "Select_data_source_for_pivots_(m-s1-e1-i2)": "MACD histogram",
    "Select_values_to_cross_(m-s1-e3)": "supertrend",
    "Strategy_1_Settings": {
        "Strategy": {
            "Evaluator 1": {
                "Evaluator 1 - is_above": {
                    "Indicator 2 - data source below": {}
                }
            },
            "Evaluator 2": {},
            "Evaluator 3": {
                "Evaluator 3 - was_above": {
                    "Indicator 1 - data source above": {},
                    "Indicator 2 - data source below": {}
                }
            },
            "Evaluator 4": {
                "Evaluator 4 - is_above": {
                    "Indicator 1 - data source above": {},
                    "Indicator 2 - data source below": {}
                }
            },
            "Evaluator 5": {
                "Evaluator 5 - is_above": {
                    "Indicator 1 - data source above": {},
                    "Indicator 2 - data source below": {}
                }
            },
            "Evaluator 6": {
                "Evaluator 6 - is_rising": {
                    "Indicator 1 - Data Source": {}
                }
            },
            "Managed Order Settings": {
                "Entry Settings": {},
                "Exit Settings": {
                    "Stop Loss Settings": {
                        "Trailing Stop Settings": {}
                    },
                    "Take Profit Settings": {}
                },
                "Position Size Settings": {}
            }
        }
    },
    "Strategy_name_and_version": "my strategy",
    "TP_Risk_Reward_target": 2,
    "Take_profit_type": "take profit based on risk reward",
    "Trading_direction_(s1)": "long",
    "Trigger_timeframes": [
        "15m"
    ],
    "VWMA_length_(m-s1-e2-i1)": 50,
    "VWMA_length_(m-s1-e2-i2)": 150,
    "VWMA_needs_to_be_x_percent_above_EMA_(m-s1-e2)": 0,
    "activate_pivot_lows_(m-s1-e1-i1)": true,
    "activate_pivot_lows_(m-s1-e1-i2)": true,
    "activate_trade_analysis_(slows_down_backtests)": false,
    "activation_method": "once per bar close",
    "amount_of_consecutive_rising_candles_before_flashing_a_signal_(m-s1-e1)": 2,
    "amount_of_consecutive_rising_candles_before_flashing_a_signal_(m-s1-e2)": 2,
    "amount_of_consecutive_rising_candles_before_flashing_a_signal_(m-s1-e3)": 2,
    "amount_of_consecutive_rising_candles_before_flashing_a_signal_(m-s1-e4)": 2,
    "amount_of_consecutive_rising_candles_before_flashing_a_signal_(m-s1-e5)": 2,
    "amount_of_consecutive_rising_candles_before_flashing_a_signal_(m-s1-e6)": 2,
    "amplitude_(m-s1-e3-i1)": 2,
    "bars_until_a_lower_low_is_invalid_(m-s1-e1)": 20,
    "channel_deviation_(m-s1-e3-i1)": 2,
    "crossing_direction_(m-s1-e3)": "crossing up",
    "crossing_signal_delay_(m-s1-e3)": 0,
    "default_config": [
        "BlankStrategyEvaluator"
    ],
    "enable_copy_trading_host": false,
    "enable_detailed_trade_alerts": true,
    "enable_evaluator_1_(s1)": true,
    "enable_evaluator_2_(s1)": false,
    "enable_evaluator_3_(s1)": true,
    "enable_evaluator_4_(s1)": true,
    "enable_evaluator_5_(s1)": true,
    "enable_evaluator_6_(s1)": true,
    "enable_plotting_capability_(slows_down_back_tests)": true,
    "enable_plotting_capability_for_backtests": true,
    "enable_trailing_stop_loss": false,
    "enable_was_also_below_in_the_past_(m-s1-e2)": false,
    "entry_type": "Market in",
    "extend_signal_X_candles_(m-s1-e3)": 0,
    "flash_signal_only_on_the_first_candle_(m-s1-e1)": true,
    "flash_signals_only_on_the_first_candle_(m-s1-e1)": false,
    "flash_signals_only_on_the_first_candle_(m-s1-e2)": false,
    "flash_signals_only_on_the_first_candle_(m-s1-e3)": false,
    "flash_signals_only_on_the_first_candle_(m-s1-e4)": false,
    "flash_signals_only_on_the_first_candle_(m-s1-e5)": false,
    "flash_signals_only_on_the_first_candle_(m-s1-e6)": false,
    "heikin_ashi_needs_to_be_x_percent_above_heikin_ashi_(m-s1-e4)": 0,
    "heikin_ashi_needs_to_be_x_percent_above_heikin_ashi_(m-s1-e5)": 0,
    "history_length_for_maximum_dump/pump_(0_=_disabled)_(m-s1-e3)": 0,
    "history_length_for_nearby_signals_(0_=_disabled)_(m-s1-e3)": 0,
    "leverage": 15,
    "log_live_data_only_for_the_current_candle_(saves_loading_time_for_live_mode)": false,
    "max_SL_in_%": 5,
    "maximum_pivots_age_in_Bars_(m-s1-e1)": 400,
    "min_SL_in_%": 0.2,
    "min_candles_above_(m-s1-e3)": 2,
    "minimum_pivots_age_in_Bars_(m-s1-e1)": 0,
    "percent_VWMA_needs_to_be_below_price_data_(m-s1-e2)": 0,
    "percent_price_data_needs_to_be_below_Bollinger_Band_Low_(m-s1-e2)": 0,
    "pivot_lookback_length_(m-s1-e1)": 12,
    "pivot_lookback_offset_other_data_(m-s1-e1)": 0,
    "plot_Bollinger_Bands_(m-s1-e2-i2)": true,
    "plot_Halftrend_(m-s1-e3-i1)": true,
    "plot_MACD_(m-s1-e1-i2-i1)": true,
    "plot_MACD_(m-s1-e2-i1)": true,
    "plot_MACD_(m-s1-e3-i1)": true,
    "plot_MACD_(m-s1-e3-i2)": true,
    "plot_MACD_(m-s1-e6-i1)": true,
    "plot_MACD_histogram_Pivots_(m-s1-e1-i2)": true,
    "plot_average_entry": true,
    "plot_balances": true,
    "plot_divergence_between_pivots_and_pivots_(m-s1-e1)": true,
    "plot_open_position": true,
    "plot_orders": true,
    "plot_price_data_Pivots_(m-s1-e1-i1)": true,
    "plot_price_data_Pivots_(m-s1-e1-i2)": true,
    "position_Size_Type": "Position size based on % risk",
    "price_data_needs_to_be_x_percent_above_ADX_(m-s1-e3)": 0,
    "price_data_needs_to_be_x_percent_above_EMA_(m-s1-e1)": 0,
    "price_data_needs_to_be_x_percent_above_EMA_(m-s1-e2)": 0,
    "price_data_needs_to_be_x_percent_above_EMA_(m-s1-e3)": 0,
    "price_data_needs_to_be_x_percent_above_EMA_(m-s1-e4)": 0,
    "price_data_needs_to_be_x_percent_above_EMA_(m-s1-e5)": 0,
    "price_data_needs_to_be_x_percent_above_SMA_(m-s1-e4)": 0,
    "price_data_needs_to_be_x_percent_above_VWMA_(m-s1-e2)": 0,
    "range_to_match_pivots_(m-s1-e1)": 5,
    "required_strategies": [
        "TimeFrameStrategyEvaluator"
    ],
    "risk_per_trade_in_%": 1,
    "select_evaluator_1_(s1)": "is_above",
    "select_evaluator_2_(s1)": "is_below",
    "select_evaluator_3_(s1)": "was_above",
    "select_evaluator_4_(s1)": "is_above",
    "select_evaluator_5_(s1)": "is_above",
    "select_evaluator_6_(s1)": "is_rising",
    "select_heikin_ashi_source_(m-s1-e3-i1)": "Heikin Ashi open",
    "select_heikin_ashi_source_(m-s1-e3-i2)": "Heikin Ashi close",
    "select_heikin_ashi_source_(m-s1-e4-i1)": "Heikin Ashi close",
    "select_heikin_ashi_source_(m-s1-e4-i2)": "Heikin Ashi open",
    "select_heikin_ashi_source_(m-s1-e5-i1)": "Heikin Ashi low",
    "select_heikin_ashi_source_(m-s1-e5-i2)": "Heikin Ashi open",
    "show_signals_if_EMA_is_currently_below:_(m-s1-e2)": 500,
    "show_signals_if_MACD_is_currently_below:_(m-s1-e2)": 40,
    "sideways_counts_as_rising_(m-s1-e1)": true,
    "sideways_counts_as_rising_(m-s1-e2)": true,
    "sideways_counts_as_rising_(m-s1-e3)": true,
    "sideways_counts_as_rising_(m-s1-e4)": true,
    "sideways_counts_as_rising_(m-s1-e5)": true,
    "sideways_counts_as_rising_(m-s1-e6)": true,
    "signal_delay_(m-s1-e1)": 0,
    "signal_delay_(m-s1-e2)": 0,
    "signal_delay_(m-s1-e3)": 0,
    "signal_delay_(m-s1-e4)": 0,
    "signal_delay_(m-s1-e5)": 0,
    "start_stop_loss_trailing_only_when_price_moves_into_profit": true,
    "start_trailing_the_SL_when_price_moves_x%_into_profit": 2,
    "supertrend_ATR_multiplier_(m-s1-e3-i2)": 3,
    "supertrend_ATR_multiplier_(mo-i1)": 5,
    "supertrend_ATR_period_(m-s1-e3-i2)": 10,
    "supertrend_ATR_period_(mo-i1)": 200,
    "total_risk_in_%": 15,
    "use_Data_Source-EMA_config_from_(m-s1-e2)": "this indicator",
    "use_Data_Source-EMA_config_from_(m-s1-e3)": "this indicator",
    "use_Data_Source-EMA_config_from_(m-s1-e4)": "this indicator",
    "use_Data_Source-EMA_config_from_(m-s1-e6)": "this indicator",
    "use_SL_Indicator-EMA_config_from_(mo)": "this indicator",
    "use_SL_Indicator-supertrend_config_from_(mo)": "Strategy 1/Evaluator 3 - is_crossing/Indicator 2 - values to cross",
    "use_crossing_values-MACD_config_from_(m-s1-e3)": "Strategy 1/Evaluator 2 - is_oversold/Indicator 1 - Data Source",
    "use_crossing_values-price_data_config_from_(m-s1-e3)": "this indicator",
    "use_data_source_above-SMA_config_from_(m-s1-e4)": "this indicator",
    "use_data_source_above-heikin_ashi_config_from_(m-s1-e4)": "this indicator",
    "use_data_source_above-heikin_ashi_config_from_(m-s1-e5)": "this indicator",
    "use_data_source_above-price_data_config_from_(m-s1-e2)": "this indicator",
    "use_data_source_above-price_data_config_from_(m-s1-e4)": "this indicator",
    "use_data_source_below-EMA_config_from_(m-s1-e2)": "this indicator",
    "use_data_source_below-EMA_config_from_(m-s1-e4)": "this indicator",
    "use_data_source_below-SMA_config_from_(m-s1-e4)": "this indicator",
    "use_data_source_below-heikin_ashi_config_from_(m-s1-e3)": "this indicator",
    "use_data_source_below-heikin_ashi_config_from_(m-s1-e4)": "this indicator",
    "use_data_source_below-heikin_ashi_config_from_(m-s1-e5)": "this indicator",
    "use_data_source_below-price_data_config_from_(m-s1-e2)": "this indicator",
    "use_data_source_for_pivots-price_data_config_from_(m-s1-e1-i2)": "this indicator",
    "use_divergence_other-pivots_config_from_(m-s1-e1)": "this indicator",
    "use_values_to_cross-EMA_config_from_(m-s1-e3)": "this indicator",
    "use_values_to_cross-MACD_signal_config_from_(m-s1-e3)": "this indicator",
    "wait_for_a_reversal_above_base_pivot_(m-s1-e1)": false,
    "was_above_x_candles_back_(m-s1-e3)": 3,
    "was_x_percent_above_(m-s1-e3)": 0
}