{
    "Amount_of_Evaluators_combined_together_(s1)": 4,
    "Bars_it_takes_to_confirm_divergence_(s1-e1)": 0,
    "Candles_history_size": 50,
    "EMA_length_(s1-e1-i1)": 50,
    "EMA_length_(s1-e2-i1)": 500,
    "EMA_length_(s1-e3-i1)": 400,
    "EMA_length_(s1-e4-i1)": 50,
    "EMA_length_(s1-e4-i2)": 50,
    "Live_Plotting_Mode": "replot visible history",
    "MACD_fast_length_(s1-e4-i1)": 12,
    "MACD_fast_length_(s1-e4-i2)": 12,
    "MACD_signal_smoothing_(s1-e4-i1)": 30,
    "MACD_signal_smoothing_(s1-e4-i2)": 9,
    "MACD_slow_length_(s1-e4-i1)": 80,
    "MACD_slow_length_(s1-e4-i2)": 26,
    "Plot_EMA_(s1-e1-i1)": true,
    "Plot_EMA_(s1-e2-i1)": true,
    "Plot_EMA_(s1-e3-i1)": true,
    "Plot_EMA_(s1-e4-i1)": true,
    "Plot_EMA_(s1-e4-i2)": true,
    "Plot_RSI_(s1-e1-i2-i1)": true,
    "Plot_SMA_(s1-e2-i1)": true,
    "Plot_when_EMA_is_rising_(s1-e1)": true,
    "Plot_when_EMA_is_rising_(s1-e2)": true,
    "Plot_when_EMA_is_rising_(s1-e3)": true,
    "Plot_when_EMA_is_rising_(s1-e4)": true,
    "Plot_when_MACD_is_crossing_up_MACD_signal_(s1-e4)": true,
    "Plot_when_SMA_is_rising_(s1-e2)": true,
    "Plot_when_price_data_is_crossing_up_EMA_(s1-e4)": true,
    "RSI_length_(s1-e1-i2-i1)": 80,
    "Recreate_exit_orders_on_new_entrys:_When_enabled_exit_orders_will_be_replaced_with_new_ones_based_on_the_current_candle": false,
    "SL_at_low/high_buffer_in_%": 0.2,
    "SL_at_low/high_lookback_period": 30,
    "SL_in_%": 0.5,
    "SL_trailing_type": "dont move the stop loss",
    "SL_type": "SL at the low/high",
    "SMA_length_(s1-e2-i1)": 2500,
    "Select_Candle_Source_for_crossing_valuesi1_(s1-e4)": "low",
    "Select_Candle_Source_for_data_source_for_pivotsi1_(s1-e1-i1)": "low",
    "Select_Candle_Source_for_data_source_for_pivotsi1_(s1-e1-i2)": "low",
    "Select_Data_Source_(s1-e1)": "EMA",
    "Select_Data_Source_(s1-e2)": "SMA",
    "Select_Data_Source_(s1-e3)": "EMA",
    "Select_Data_Source_(s1-e4)": "EMA",
    "Select_EMA_Candle_Source_(s1-e1-i1)": "close",
    "Select_EMA_Candle_Source_(s1-e2-i1)": "close",
    "Select_EMA_Candle_Source_(s1-e3-i1)": "close",
    "Select_EMA_Candle_Source_(s1-e4-i1)": "close",
    "Select_EMA_Candle_Source_(s1-e4-i2)": "close",
    "Select_MACD_Candle_Source_(s1-e4-i1)": "close",
    "Select_MACD_Candle_Source_(s1-e4-i2)": "close",
    "Select_RSI_Candle_Source_(s1-e1-i2-i1)": "close",
    "Select_SMA_Candle_Source_(s1-e2-i1)": "close",
    "Select_crossing_values_(s1-e4)": "MACD",
    "Select_data_source_for_pivots_(s1-e1-i1)": "price_data",
    "Select_data_source_for_pivots_(s1-e1-i2)": "RSI",
    "Select_values_to_cross_(s1-e4)": "MACD signal",
    "Strategy_1_Settings": {
        "Strategy": {
            "Evaluator 1": {
                "Evaluator 1 - divergence": {
                    "Indicator 1 - divergence base": {},
                    "Indicator 2 - divergence other": {
                        "Indicator 1 - data source for pivots": {}
                    }
                }
            },
            "Evaluator 2": {
                "Evaluator 2 - is_rising": {
                    "Indicator 1 - Data Source": {}
                }
            },
            "Evaluator 3": {},
            "Evaluator 4": {},
            "Managed Order Settings": {
                "Entry Settings": {},
                "Exit Settings": {
                    "Stop Loss Settings": {
                        "Trailing Stop Settings": {}
                    },
                    "Take Profit Settings": {}
                },
                "Position Size Settings": {}
            }
        }
    },
    "Strategy_name_and_version": "my strategy",
    "TP_Risk_Reward_target": 2,
    "Take_profit_type": "take profit based on risk reward",
    "Trading_direction_(s1)": "long",
    "Trigger_timeframes": [
        "15m"
    ],
    "activate_pivot_lows_(s1-e1-i1)": true,
    "activate_pivot_lows_(s1-e1-i2)": true,
    "activate_trade_analysis_(slows_down_backtests)": false,
    "activation_method": "once per bar close",
    "amount_of_consecutive_rising_candles_before_flashing_a_signal_(s1-e1)": 2,
    "amount_of_consecutive_rising_candles_before_flashing_a_signal_(s1-e2)": 2,
    "amount_of_consecutive_rising_candles_before_flashing_a_signal_(s1-e3)": 2,
    "amount_of_consecutive_rising_candles_before_flashing_a_signal_(s1-e4)": 2,
    "bars_until_a_lower_low_is_invalid_(s1-e1)": 30,
    "crossing_direction_(s1-e4)": "crossing up",
    "crossing_signal_delay_(s1-e4)": 0,
    "default_config": [
        "BlankStrategyEvaluator"
    ],
    "enable_copy_trading_host": false,
    "enable_detailed_trade_alerts": true,
    "enable_evaluator_1_(s1)": true,
    "enable_evaluator_2_(s1)": true,
    "enable_evaluator_3_(s1)": false,
    "enable_evaluator_4_(s1)": false,
    "enable_plotting_capability_for_backtests": false,
    "enable_skip_backtesting_runs": true,
    "enable_trailing_stop_loss": false,
    "entry_type": "Market in",
    "extend_signal_X_candles_(s1-e4)": 0,
    "flash_signal_only_on_the_first_candle_(s1-e1)": true,
    "flash_signals_only_on_the_first_candle_(s1-e1)": false,
    "flash_signals_only_on_the_first_candle_(s1-e2)": false,
    "flash_signals_only_on_the_first_candle_(s1-e3)": false,
    "flash_signals_only_on_the_first_candle_(s1-e4)": false,
    "history_length_for_maximum_dump/pump_(0_=_disabled)_(s1-e4)": 0,
    "history_length_for_nearby_signals_(0_=_disabled)_(s1-e4)": 0,
    "leverage": 10,
    "max_SL_in_%": 3,
    "maximum_pivots_age_in_Bars_(s1-e1)": 400,
    "min_SL_in_%": 0.1,
    "minimum_pivots_age_in_Bars_(s1-e1)": 0,
    "pivot_lookback_length_(s1-e1)": 20,
    "pivot_lookback_offset_other_data_(s1-e1)": -1,
    "plot_MACD_(s1-e4-i1)": true,
    "plot_MACD_(s1-e4-i2)": true,
    "plot_RSI_Pivots_(s1-e1-i2)": true,
    "plot_average_entry": false,
    "plot_balances": false,
    "plot_divergence_between_pivots_and_pivots_(s1-e1)": true,
    "plot_open_position": false,
    "plot_orders": true,
    "plot_price_data_Pivots_(s1-e1-i1)": true,
    "plot_price_data_Pivots_(s1-e1-i2)": true,
    "position_Size_Type": "Position size based on % risk",
    "range_to_match_pivots_(s1-e1)": 5,
    "required_strategies": [
        "TimeFrameStrategyEvaluator"
    ],
    "risk_per_trade_in_%": 2,
    "select_evaluator_1_(s1)": "divergence",
    "select_evaluator_2_(s1)": "is_rising",
    "select_evaluator_3_(s1)": "is_rising",
    "select_evaluator_4_(s1)": "is_crossing",
    "sideways_counts_as_rising_(s1-e1)": true,
    "sideways_counts_as_rising_(s1-e2)": true,
    "sideways_counts_as_rising_(s1-e3)": true,
    "sideways_counts_as_rising_(s1-e4)": true,
    "skip_backtesting_runs_if_total_balance_falls_below": 6000,
    "total_risk_in_%": 2,
    "use_Data_Source-EMA_config_from_(s1-e2)": "this indicator",
    "use_Data_Source-EMA_config_from_(s1-e4)": "this indicator",
    "use_crossing_values-price_data_config_from_(s1-e4)": "this indicator",
    "use_data_source_for_pivots-price_data_config_from_(s1-e1-i2)": "this indicator",
    "use_divergence_other-pivots_config_from_(s1-e1)": "this indicator",
    "use_values_to_cross-EMA_config_from_(s1-e4)": "this indicator",
    "use_values_to_cross-MACD_signal_config_from_(s1-e4)": "Strategy 1/Evaluator 4 - is_crossing/Indicator 1 - crossing values",
    "wait_for_a_reversal_above_base_pivot_(s1-e1)": true
}