{
    "Amount_of_Evaluators_combined_together_(s1)": 3,
    "Candles_history_size": 3000,
    "EMA_length_(m-s1-e1-i1)": 500,
    "EMA_length_(m-s1-e2-i1)": 50,
    "EMA_length_(m-s1-e3-i1)": 50,
    "EMA_length_(m-s1-e3-i2)": 50,
    "Live_Plotting_Mode": "plot recording mode",
    "MACD_fast_length_(m-s1-e2-i1)": 45,
    "MACD_fast_length_(m-s1-e3-i1)": 12,
    "MACD_fast_length_(m-s1-e3-i2)": 12,
    "MACD_signal_smoothing_(m-s1-e2-i1)": 15,
    "MACD_signal_smoothing_(m-s1-e3-i1)": 9,
    "MACD_signal_smoothing_(m-s1-e3-i2)": 9,
    "MACD_slow_length_(m-s1-e2-i1)": 100,
    "MACD_slow_length_(m-s1-e3-i1)": 26,
    "MACD_slow_length_(m-s1-e3-i2)": 26,
    "Plot_EMA_(m-s1-e1-i1)": true,
    "Plot_EMA_(m-s1-e2-i1)": true,
    "Plot_EMA_(m-s1-e3-i1)": true,
    "Plot_EMA_(m-s1-e3-i2)": true,
    "Plot_when_EMA_is_below_(m-s1-e2)": true,
    "Plot_when_EMA_is_rising_(m-s1-e1)": true,
    "Plot_when_EMA_is_rising_(m-s1-e2)": true,
    "Plot_when_EMA_is_rising_(m-s1-e3)": true,
    "Plot_when_MACD_is_below_(m-s1-e2)": true,
    "Plot_when_MACD_is_crossing_up_MACD_signal_(m-s1-e3)": true,
    "Plot_when_price_data_is_crossing_up_EMA_(m-s1-e3)": true,
    "Recreate_exit_orders_on_new_entrys:_When_enabled_exit_orders_will_be_replaced_with_new_ones_based_on_the_current_candle": false,
    "SL_in_%": 0.65,
    "SL_trailing_type": "dont move the stop loss",
    "SL_type": "SL based on %",
    "Select_Candle_Source_for_crossing_valuesi1_(m-s1-e3)": "low",
    "Select_Data_Source_(m-s1-e1)": "EMA",
    "Select_Data_Source_(m-s1-e2)": "MACD",
    "Select_Data_Source_(m-s1-e3)": "EMA",
    "Select_EMA_Candle_Source_(m-s1-e1-i1)": "close",
    "Select_EMA_Candle_Source_(m-s1-e2-i1)": "close",
    "Select_EMA_Candle_Source_(m-s1-e3-i1)": "close",
    "Select_EMA_Candle_Source_(m-s1-e3-i2)": "close",
    "Select_MACD_Candle_Source_(m-s1-e2-i1)": "close",
    "Select_MACD_Candle_Source_(m-s1-e3-i1)": "close",
    "Select_MACD_Candle_Source_(m-s1-e3-i2)": "close",
    "Select_crossing_values_(m-s1-e3)": "MACD",
    "Select_values_to_cross_(m-s1-e3)": "MACD signal",
    "Strategy_1_Settings": {
        "Strategy": {
            "Evaluator 1": {
                "Evaluator 1 - is_rising": {
                    "Indicator 1 - Data Source": {}
                }
            },
            "Evaluator 2": {
                "Evaluator 2 - is_oversold": {
                    "Indicator 1 - Data Source": {}
                }
            },
            "Evaluator 3": {
                "Evaluator 3 - is_crossing": {}
            },
            "Managed Order Settings": {
                "Entry Settings": {},
                "Exit Settings": {
                    "Stop Loss Settings": {
                        "Trailing Stop Settings": {}
                    },
                    "Take Profit Settings": {}
                },
                "Position Size Settings": {}
            }
        }
    },
    "Strategy_name_and_version": "my strategy",
    "TP_Risk_Reward_target": 1.85,
    "Take_profit_type": "take profit based on risk reward",
    "Trading_direction_(s1)": "long",
    "Trigger_timeframes": [
        "5m"
    ],
    "activate_trade_analysis_(slows_down_backtests)": false,
    "activation_method": "once per bar close",
    "amount_of_consecutive_rising_candles_before_flashing_a_signal_(m-s1-e1)": 2,
    "amount_of_consecutive_rising_candles_before_flashing_a_signal_(m-s1-e2)": 2,
    "amount_of_consecutive_rising_candles_before_flashing_a_signal_(m-s1-e3)": 2,
    "crossing_direction_(m-s1-e3)": "crossing up",
    "crossing_signal_delay_(m-s1-e3)": 0,
    "default_config": [
        "BlankStrategyEvaluator"
    ],
    "enable_copy_trading_host": false,
    "enable_detailed_trade_alerts": true,
    "enable_evaluator_1_(s1)": true,
    "enable_evaluator_2_(s1)": true,
    "enable_evaluator_3_(s1)": true,
    "enable_plotting_capability_(slows_down_back_tests)": true,
    "enable_plotting_capability_for_backtests": false,
    "enable_skip_backtesting_runs": true,
    "enable_trailing_stop_loss": false,
    "enable_was_also_below_in_the_past_(m-s1-e2)": false,
    "entry_type": "Market in",
    "extend_signal_X_candles_(m-s1-e3)": 0,
    "flash_signals_only_on_the_first_candle_(m-s1-e1)": false,
    "flash_signals_only_on_the_first_candle_(m-s1-e2)": false,
    "flash_signals_only_on_the_first_candle_(m-s1-e3)": false,
    "history_length_for_maximum_dump/pump_(0_=_disabled)_(m-s1-e3)": 0,
    "history_length_for_nearby_signals_(0_=_disabled)_(m-s1-e3)": 0,
    "leverage": 30,
    "log_live_data_only_for_the_current_candle_(saves_loading_time_for_live_mode)": false,
    "plot_MACD_(m-s1-e2-i1)": true,
    "plot_MACD_(m-s1-e3-i1)": true,
    "plot_MACD_(m-s1-e3-i2)": true,
    "plot_average_entry": true,
    "plot_balances": true,
    "plot_open_position": true,
    "plot_orders": true,
    "position_Size_Type": "Position size based on % risk",
    "required_strategies": [
        "TimeFrameStrategyEvaluator"
    ],
    "risk_per_trade_in_%": 2,
    "select_evaluator_1_(s1)": "is_rising",
    "select_evaluator_2_(s1)": "is_oversold",
    "select_evaluator_3_(s1)": "is_crossing",
    "show_signals_if_EMA_is_currently_below:_(m-s1-e2)": 500,
    "show_signals_if_MACD_is_currently_below:_(m-s1-e2)": 200,
    "sideways_counts_as_rising_(m-s1-e1)": true,
    "sideways_counts_as_rising_(m-s1-e2)": true,
    "sideways_counts_as_rising_(m-s1-e3)": true,
    "skip_backtesting_runs_if_total_balance_falls_below": 4000,
    "total_risk_in_%": 16,
    "trade_analysis": {
        "activation_method": "once per bar close",
        "plot_average_entry": true,
        "plot_balances": true,
        "plot_open_position": true,
        "plot_orders": true
    },
    "use_Data_Source-EMA_config_from_(m-s1-e2)": "this indicator",
    "use_Data_Source-EMA_config_from_(m-s1-e3)": "this indicator",
    "use_crossing_values-MACD_config_from_(m-s1-e3)": "Strategy 1/Evaluator 2 - is_oversold/Indicator 1 - Data Source",
    "use_values_to_cross-EMA_config_from_(m-s1-e3)": "this indicator",
    "use_values_to_cross-MACD_signal_config_from_(m-s1-e3)": "Strategy 1/Evaluator 2 - is_oversold/Indicator 1 - Data Source"
}