{
    "installation_context": {
        "octobot_version": "0.4.35"
    },
    "registered_tentacles": {
        "Matrix-Keywords-Bundle": "C:/Users/Max1/Desktop/projects/Octobot-Project/tentacle_zips/any_platform.zip",
        "Matrix-Library": "C:/Users/Max1/Desktop/projects/Octobot-Project/tentacle_zips/any_platform.zip",
        "Matrix-Octo-UI2": "C:/Users/Max1/Desktop/projects/Octobot-Project/tentacle_zips/any_platform.zip",
        "Matrix-Strategies": "C:/Users/Max1/Desktop/projects/Octobot-Project/tentacle_zips/any_platform.zip",
        "Matrix-Strategy-Maker": "C:/Users/Max1/Desktop/projects/Octobot-Project/tentacle_zips/any_platform.zip",
        "Matrix-Tentacles": "C:/Users/Max1/Desktop/projects/Octobot-Project/tentacle_zips/any_platform.zip",
        "OctoBot-Default-Tentacles": "",
        "OctoBot-Private-Tentacles": "",
        "Semi-Auto-Trading-Mode": "C:/Users/Max1/Desktop/projects/Octobot-Project/tentacle_zips/any_platform.zip",
        "Spot-Master-3000": "C:/Users/Max1/Desktop/projects/Octobot-Project/tentacle_zips/any_platform.zip",
        "matrix-strategy-maker": "C:/Users/Max1/Desktop/projects/Octobot-Project/tentacle_zips/any_platform.zip"
    },
    "tentacle_activation": {
        "Automation": {
            "CancelOpenOrders": true,
            "NoCondition": true,
            "PeriodicCheck": true,
            "PriceThreshold": true,
            "ProfitabilityThreshold": true,
            "SellAllCurrencies": true,
            "SendNotification": true,
            "StopTrading": true
        },
        "Backtesting": {
            "ExchangeBotSnapshotCollector": true,
            "ExchangeHistoryDataCollector": true,
            "ExchangeLiveDataCollector": true,
            "GenericExchangeDataImporter": true,
            "LegacyDataConverter": true
        },
        "Evaluator": {
            "ADXMomentumEvaluator": false,
            "BBMomentumEvaluator": false,
            "BlankStrategyEvaluator": false,
            "CandlesUtil": true,
            "DeathAndGoldenCrossEvaluator": false,
            "DipAnalyserStrategyEvaluator": false,
            "DoubleMovingAverageTrendEvaluator": false,
            "EMADivergenceTrendEvaluator": false,
            "GoogleTrendsEvaluator": false,
            "InstantFluctuationsEvaluator": false,
            "InstantMAEvaluator": false,
            "KlingerOscillatorMomentumEvaluator": false,
            "KlingerOscillatorReversalConfirmationMomentumEvaluator": false,
            "MACDMomentumEvaluator": false,
            "MoveSignalsStrategyEvaluator": false,
            "OverallStateAnalyser": true,
            "PatternAnalyser": true,
            "RSIMomentumEvaluator": false,
            "RSIWeightMomentumEvaluator": false,
            "RedditForumEvaluator": false,
            "SimpleStrategyEvaluator": false,
            "StatisticAnalysis": true,
            "StochasticRSIVolatilityEvaluator": false,
            "SuperTrendEvaluator": false,
            "TechnicalAnalysisStrategyEvaluator": false,
            "TelegramChannelSignalEvaluator": false,
            "TelegramSignalEvaluator": false,
            "TextAnalysis": true,
            "TimeFrameStrategyEvaluator": false,
            "TrendAnalysis": true,
            "TwitterNewsEvaluator": false,
            "trade_analysis": false
        },
        "Meta": {
            "matrix_basic_keywords": true,
            "matrix_pro_keywords": true,
            "matrix_strategy_maker_keywords": true
        },
        "RunAnalysis": {
            "BestCaseGrowth": true,
            "DefaultRunAnalysisMode": true,
            "Fees": true,
            "Positions": true,
            "RealizeTradeGains": true,
            "RealizedPortfolio": true,
            "Trades": true,
            "UnrealizedPortfolio": true,
            "WinRates": true,
            "WinsAndLossesCount": true,
            "Withdrawals": true
        },
        "Services": {
            "GoogleService": true,
            "GoogleServiceFeed": true,
            "OctoUi2Plugin": true,
            "RedditService": true,
            "RedditServiceFeed": true,
            "StrategyDesignerPlugin": true,
            "TelegramApiService": true,
            "TelegramApiServiceFeed": true,
            "TelegramBotInterface": true,
            "TelegramNotifier": true,
            "TelegramService": true,
            "TelegramServiceFeed": true,
            "TradingViewService": true,
            "TradingViewServiceFeed": true,
            "TwitterNotifier": true,
            "TwitterService": true,
            "TwitterServiceFeed": true,
            "WebHookService": true,
            "WebInterface": true,
            "WebNotifier": true,
            "WebService": true
        },
        "Trading": {
            "ArbitrageProTradingMode": false,
            "ArbitrageTradingMode": false,
            "AscendEx": true,
            "AscendexCCXTWebsocketConnector": true,
            "Binance": true,
            "BinanceCCXTWebsocketConnector": true,
            "BinanceCoinM": true,
            "BinanceUS": true,
            "BinanceUSCCXTFeedConnector": true,
            "BinanceUsdM": true,
            "BinanceUsdMCCXTWebsocketConnector": true,
            "Bitfinex": true,
            "BitfinexCCXTWebsocketConnector": true,
            "Bitget": true,
            "BitgetCCXTWebsocketConnector": true,
            "Bithumb": true,
            "Bitmex": true,
            "Bitso": true,
            "Bitstamp": true,
            "Bittrex": true,
            "BittrexCCXTWebsocketConnector": true,
            "BlankTradingMode": false,
            "Bybit": true,
            "BybitCCXTWebsocketConnector": true,
            "CoinbasePro": true,
            "CoinbaseProCCXTWebsocketConnector": true,
            "Coinex": true,
            "ConfigurableDefaultCCXTRestExchange": true,
            "DCATradingMode": true,
            "DailyTradingMode": false,
            "DipAnalyserTradingMode": false,
            "GateIO": true,
            "GateIOCCXTWebsocketConnector": true,
            "GridTradingMode": false,
            "Hitbtc": true,
            "Huobi": true,
            "HuobiCCXTWebsocketConnector": true,
            "HuobiPro": true,
            "HuobiProCCXTWebsocketConnector": true,
            "IBKR": true,
            "Kraken": true,
            "KrakenCCXTWebsocketConnector": true,
            "Kucoin": true,
            "KucoinCCXTWebsocketConnector": true,
            "Ndax": true,
            "OKXCCXTWebsocketConnector": true,
            "Okcoin": true,
            "Okx": true,
            "Phemex": true,
            "PhemexCCXTWebsocketConnector": true,
            "Poloniex": true,
            "RemoteTradingSignalsTradingMode": false,
            "ScriptedTradingMode": false,
            "SemiAutoTradingMode": false,
            "SignalTradingMode": false,
            "SpotMaster3000Mode": false,
            "StaggeredOrdersTradingMode": false,
            "StrategyMakerMode": false,
            "TradingViewSignalsTradingMode": false,
            "UpbitExchange": true,
            "WavesExchange": true,
            "hollaex": true
        }
    }
}