{
    "Amount_of_Evaluators_combined_together_(s1)": 4,
    "Candles_history_size": 20,
    "Candles_history_size_(set_it_to_10_while_backtesting)": 10,
    "EMA_length_(m-s1-e1-i1)": 500,
    "EMA_length_(m-s1-e2-i1)": 50,
    "EMA_length_(m-s1-e2-i2)": 150,
    "EMA_length_(m-s1-e3-i1)": 50,
    "EMA_length_(m-s1-e3-i2)": 50,
    "EMA_length_(m-s1-e4-i1)": 50,
    "EMA_length_(m-s1-e4-i2)": 50,
    "EMA_length_(mo-i1)": 50,
    "Live_Plotting_Mode": "replot visible history",
    "MACD_fast_length_(m-s1-e2-i1)": 12,
    "MACD_fast_length_(m-s1-e3-i1)": 12,
    "MACD_fast_length_(m-s1-e3-i2)": 12,
    "MACD_signal_smoothing_(m-s1-e2-i1)": 9,
    "MACD_signal_smoothing_(m-s1-e3-i1)": 9,
    "MACD_signal_smoothing_(m-s1-e3-i2)": 9,
    "MACD_slow_length_(m-s1-e2-i1)": 26,
    "MACD_slow_length_(m-s1-e3-i1)": 26,
    "MACD_slow_length_(m-s1-e3-i2)": 26,
    "Plot_EMA_(m-s1-e1-i1)": true,
    "Plot_EMA_(m-s1-e2-i1)": true,
    "Plot_EMA_(m-s1-e2-i2)": true,
    "Plot_EMA_(m-s1-e3-i1)": true,
    "Plot_EMA_(m-s1-e3-i2)": true,
    "Plot_EMA_(m-s1-e4-i1)": true,
    "Plot_EMA_(m-s1-e4-i2)": true,
    "Plot_EMA_(mo-i1)": true,
    "Plot_SMA_(m-s1-e1-i1)": true,
    "Plot_SMA_(m-s1-e4-i1)": true,
    "Plot_SMA_(m-s1-e4-i2)": true,
    "Plot_Supertrend_(m-s1-e3-i2)": true,
    "Plot_Supertrend_(mo-i1)": true,
    "Plot_VWMA_(m-s1-e2-i1)": true,
    "Plot_VWMA_(m-s1-e2-i2)": true,
    "Plot_when_EMA_is_below_(m-s1-e2)": true,
    "Plot_when_EMA_is_rising_(m-s1-e1)": true,
    "Plot_when_EMA_is_rising_(m-s1-e2)": true,
    "Plot_when_EMA_is_rising_(m-s1-e3)": true,
    "Plot_when_EMA_is_rising_(m-s1-e4)": true,
    "Plot_when_MACD_is_below_(m-s1-e2)": true,
    "Plot_when_MACD_is_crossing_up_MACD_signal_(m-s1-e3)": true,
    "Plot_when_SMA_is_above_EMA_(m-s1-e4)": true,
    "Plot_when_SMA_is_rising_(m-s1-e1)": true,
    "Plot_when_VWMA_is_above_EMA_(m-s1-e2)": true,
    "Plot_when_price_data_is_above_EMA_(m-s1-e2)": true,
    "Plot_when_price_data_is_above_EMA_(m-s1-e4)": true,
    "Plot_when_price_data_is_above_SMA_(m-s1-e4)": true,
    "Plot_when_price_data_is_above_VWMA_(m-s1-e2)": true,
    "Plot_when_price_data_is_crossing_up_EMA_(m-s1-e3)": true,
    "Plot_when_price_data_is_crossing_up_supertrend_(m-s1-e3)": true,
    "Recreate_exit_orders_on_new_entrys:_When_enabled_exit_orders_will_be_replaced_with_new_ones_based_on_the_current_candle": false,
    "SL_in_%": 0.65,
    "SL_trailing_type": "trailing stop loss based on sl settings",
    "SL_type": "SL based on indicator",
    "SMA_length_(m-s1-e1-i1)": 1200,
    "SMA_length_(m-s1-e4-i1)": 50,
    "SMA_length_(m-s1-e4-i2)": 500,
    "SMA_needs_to_be_x_percent_above_EMA_(m-s1-e4)": 0,
    "Select_Candle_Source_for_crossing_valuesi1_(m-s1-e3)": "hlc3",
    "Select_Candle_Source_for_data_source_abovei1_(m-s1-e2)": "close",
    "Select_Candle_Source_for_data_source_abovei1_(m-s1-e4)": "close",
    "Select_Data_Source_(m-s1-e1)": "SMA",
    "Select_Data_Source_(m-s1-e2)": "MACD",
    "Select_Data_Source_(m-s1-e3)": "EMA",
    "Select_Data_Source_(m-s1-e4)": "EMA",
    "Select_EMA_Candle_Source_(m-s1-e1-i1)": "close",
    "Select_EMA_Candle_Source_(m-s1-e2-i1)": "close",
    "Select_EMA_Candle_Source_(m-s1-e2-i2)": "close",
    "Select_EMA_Candle_Source_(m-s1-e3-i1)": "close",
    "Select_EMA_Candle_Source_(m-s1-e3-i2)": "close",
    "Select_EMA_Candle_Source_(m-s1-e4-i1)": "close",
    "Select_EMA_Candle_Source_(m-s1-e4-i2)": "close",
    "Select_EMA_Candle_Source_(mo-i1)": "close",
    "Select_MACD_Candle_Source_(m-s1-e2-i1)": "close",
    "Select_MACD_Candle_Source_(m-s1-e3-i1)": "close",
    "Select_MACD_Candle_Source_(m-s1-e3-i2)": "close",
    "Select_SL_Indicator_(mo)": "supertrend",
    "Select_SMA_Candle_Source_(m-s1-e1-i1)": "close",
    "Select_SMA_Candle_Source_(m-s1-e4-i1)": "close",
    "Select_SMA_Candle_Source_(m-s1-e4-i2)": "close",
    "Select_VWMA_Candle_Source_(m-s1-e2-i1)": "close",
    "Select_VWMA_Candle_Source_(m-s1-e2-i2)": "close",
    "Select_crossing_values_(m-s1-e3)": "price_data",
    "Select_data_source_above_(m-s1-e2)": "price_data",
    "Select_data_source_above_(m-s1-e4)": "price_data",
    "Select_data_source_below_(m-s1-e2)": "VWMA",
    "Select_data_source_below_(m-s1-e4)": "SMA",
    "Select_values_to_cross_(m-s1-e3)": "supertrend",
    "Strategy_1_Settings": {
        "Strategy": {
            "Evaluator 1": {
                "Evaluator 1 - is_rising": {
                    "Indicator 1 - Data Source": {}
                }
            },
            "Evaluator 2": {
                "Evaluator 2 - is_above": {
                    "Indicator 2 - data source below": {}
                }
            },
            "Evaluator 3": {
                "Evaluator 3 - is_crossing": {
                    "Indicator 2 - values to cross": {}
                }
            },
            "Evaluator 4": {
                "Evaluator 4 - is_above": {
                    "Indicator 2 - data source below": {}
                }
            },
            "Managed Order Settings": {
                "Entry Settings": {},
                "Exit Settings": {
                    "Stop Loss Settings": {
                        "Indicator 1 - SL Indicator": {},
                        "Trailing Stop Settings": {}
                    },
                    "Take Profit Settings": {}
                },
                "Position Size Settings": {}
            }
        }
    },
    "Strategy_name_and_version": "hyper trend 2",
    "TP_Risk_Reward_target": 1.85,
    "Take_profit_type": "dont use managed Take Profit",
    "Trading_direction_(s1)": "long",
    "Trigger_timeframes": [
        "15m"
    ],
    "VWMA_length_(m-s1-e2-i1)": 50,
    "VWMA_length_(m-s1-e2-i2)": 70,
    "VWMA_needs_to_be_x_percent_above_EMA_(m-s1-e2)": 0,
    "activate_trade_analysis_(slows_down_backtests)": false,
    "activation_method": "once per bar close",
    "amount_of_consecutive_rising_candles_before_flashing_a_signal_(m-s1-e1)": 2,
    "amount_of_consecutive_rising_candles_before_flashing_a_signal_(m-s1-e2)": 2,
    "amount_of_consecutive_rising_candles_before_flashing_a_signal_(m-s1-e3)": 2,
    "amount_of_consecutive_rising_candles_before_flashing_a_signal_(m-s1-e4)": 2,
    "crossing_direction_(m-s1-e3)": "crossing up",
    "crossing_signal_delay_(m-s1-e3)": 0,
    "default_config": [
        "BlankStrategyEvaluator"
    ],
    "enable_copy_trading_host": false,
    "enable_detailed_trade_alerts": true,
    "enable_evaluator_1_(s1)": true,
    "enable_evaluator_2_(s1)": true,
    "enable_evaluator_3_(s1)": true,
    "enable_evaluator_4_(s1)": true,
    "enable_plotting_capability_(slows_down_back_tests)": false,
    "enable_plotting_capability_for_backtests": false,
    "enable_skip_backtesting_runs": true,
    "enable_trailing_stop_loss": true,
    "enable_was_also_below_in_the_past_(m-s1-e2)": false,
    "entry_type": "Market in",
    "extend_signal_X_candles_(m-s1-e3)": 0,
    "flash_signals_only_on_the_first_candle_(m-s1-e1)": false,
    "flash_signals_only_on_the_first_candle_(m-s1-e2)": false,
    "flash_signals_only_on_the_first_candle_(m-s1-e3)": false,
    "flash_signals_only_on_the_first_candle_(m-s1-e4)": false,
    "history_length_for_maximum_dump/pump_(0_=_disabled)_(m-s1-e3)": 0,
    "history_length_for_nearby_signals_(0_=_disabled)_(m-s1-e3)": 0,
    "leverage": 15,
    "log_live_data_only_for_the_current_candle_(saves_loading_time_for_live_mode)": false,
    "max_SL_in_%": 2.5,
    "min_SL_in_%": 0.5,
    "nested_trade_analysis_config": {
        "activation_method": "once per bar close",
        "plot_average_entry": false,
        "plot_balances": false,
        "plot_open_position": false,
        "plot_orders": false
    },
    "plot_MACD_(m-s1-e2-i1)": true,
    "plot_MACD_(m-s1-e3-i1)": true,
    "plot_MACD_(m-s1-e3-i2)": true,
    "plot_average_entry": true,
    "plot_balances": true,
    "plot_open_position": true,
    "plot_orders": true,
    "position_Size_Type": "Position size based on % risk",
    "price_data_needs_to_be_x_percent_above_EMA_(m-s1-e2)": 0,
    "price_data_needs_to_be_x_percent_above_EMA_(m-s1-e4)": 0,
    "price_data_needs_to_be_x_percent_above_SMA_(m-s1-e4)": 0,
    "price_data_needs_to_be_x_percent_above_VWMA_(m-s1-e2)": 0,
    "required_strategies": [
        "TimeFrameStrategyEvaluator"
    ],
    "risk_per_trade_in_%": 3.5,
    "select_evaluator_1_(s1)": "is_rising",
    "select_evaluator_2_(s1)": "is_above",
    "select_evaluator_3_(s1)": "is_crossing",
    "select_evaluator_4_(s1)": "is_above",
    "show_signals_if_EMA_is_currently_below:_(m-s1-e2)": 500,
    "show_signals_if_MACD_is_currently_below:_(m-s1-e2)": 40,
    "sideways_counts_as_rising_(m-s1-e1)": false,
    "sideways_counts_as_rising_(m-s1-e2)": true,
    "sideways_counts_as_rising_(m-s1-e3)": true,
    "sideways_counts_as_rising_(m-s1-e4)": true,
    "signal_delay_(m-s1-e2)": 0,
    "signal_delay_(m-s1-e4)": 0,
    "skip_backtesting_runs_if_total_balance_falls_below": 6000,
    "start_stop_loss_trailing_only_when_price_moves_into_profit": true,
    "start_trailing_the_SL_when_price_moves_x%_into_profit": 2,
    "supertrend_ATR_multiplier_(m-s1-e3-i2)": 3,
    "supertrend_ATR_multiplier_(mo-i1)": 5,
    "supertrend_ATR_period_(m-s1-e3-i2)": 55,
    "supertrend_ATR_period_(mo-i1)": 80,
    "total_risk_in_%": 15,
    "trade_analysis": {
        "activation_method": "once per bar close",
        "plot_average_entry": true,
        "plot_balances": true,
        "plot_open_position": true,
        "plot_orders": true
    },
    "use_Data_Source-EMA_config_from_(m-s1-e2)": "this indicator",
    "use_Data_Source-EMA_config_from_(m-s1-e3)": "this indicator",
    "use_Data_Source-EMA_config_from_(m-s1-e4)": "this indicator",
    "use_SL_Indicator-EMA_config_from_(mo)": "this indicator",
    "use_SL_Indicator-supertrend_config_from_(mo)": "this indicator",
    "use_crossing_values-MACD_config_from_(m-s1-e3)": "Strategy 1/Evaluator 2 - is_oversold/Indicator 1 - Data Source",
    "use_crossing_values-price_data_config_from_(m-s1-e3)": "this indicator",
    "use_data_source_above-SMA_config_from_(m-s1-e4)": "this indicator",
    "use_data_source_above-price_data_config_from_(m-s1-e4)": "this indicator",
    "use_data_source_below-EMA_config_from_(m-s1-e2)": "this indicator",
    "use_data_source_below-EMA_config_from_(m-s1-e4)": "this indicator",
    "use_data_source_below-SMA_config_from_(m-s1-e4)": "this indicator",
    "use_values_to_cross-EMA_config_from_(m-s1-e3)": "this indicator",
    "use_values_to_cross-MACD_signal_config_from_(m-s1-e3)": "this indicator"
}