{
    "config": {
        "crypto-currencies": {
            "Bitcoin": {
                "enabled": true,
                "pairs": [
                    "BTC/USDT:USDT"
                ]
            }
        },
        "exchanges": {},
        "trader": {
            "enabled": false,
            "load-trade-history": false
        },
        "trader-simulator": {
            "enabled": true,
            "fees": {
                "maker": 0.01,
                "taker": 0.06
            },
            "starting-portfolio": {
                "BTC": 0,
                "USDT": 10000
            }
        },
        "trading": {
            "reference-market": "USDT",
            "risk": 0.5
        }
    },
    "profile": {
        "avatar": "matrix-icon.png",
        "description": "https://www.youtube.com/watch?v=Yj0yEBxwLVw",
        "id": "c7805166-eecd-4e96-b0f9-bb838bd58aa0",
        "imported": false,
        "name": "max - MACD-EMA",
        "origin_url": null,
        "read_only": false
    }
}