{
    "installation_context": {
        "octobot_version": "0.4.27"
    },
    "registered_tentacles": {
        "Matrix-Basic-Keywords": "https://github.com/techfreaque/octobot-spot-master-3000/blob/main/releases/latest/any_platform.zip?raw=true",
        "Matrix-Library": "https://github.com/techfreaque/octobot-spot-master-3000/blob/main/releases/latest/any_platform.zip?raw=true",
        "Spot-Master-3000": "https://github.com/techfreaque/octobot-spot-master-3000/blob/main/releases/latest/any_platform.zip?raw=true"
    },
    "tentacle_activation": {
        "Backtesting": {
            "ExchangeBotSnapshotCollector": true,
            "ExchangeHistoryDataCollector": true,
            "ExchangeLiveDataCollector": true,
            "GenericExchangeDataImporter": true,
            "LegacyDataConverter": true
        },
        "Evaluator": {
            "ADXMomentumEvaluator": false,
            "BBMomentumEvaluator": false,
            "CandlesUtil": true,
            "DeathAndGoldenCrossEvaluator": false,
            "DipAnalyserStrategyEvaluator": false,
            "DoubleMovingAverageTrendEvaluator": false,
            "EMADivergenceTrendEvaluator": false,
            "GoogleTrendsEvaluator": false,
            "InstantFluctuationsEvaluator": false,
            "InstantMAEvaluator": false,
            "KlingerOscillatorMomentumEvaluator": false,
            "KlingerOscillatorReversalConfirmationMomentumEvaluator": false,
            "MACDMomentumEvaluator": false,
            "MoveSignalsStrategyEvaluator": false,
            "OverallStateAnalyser": true,
            "PatternAnalyser": true,
            "RSIMomentumEvaluator": false,
            "RSIWeightMomentumEvaluator": false,
            "RedditForumEvaluator": false,
            "SimpleStrategyEvaluator": false,
            "StatisticAnalysis": true,
            "StochasticRSIVolatilityEvaluator": false,
            "SuperTrendEvaluator": false,
            "TechnicalAnalysisStrategyEvaluator": false,
            "TelegramChannelSignalEvaluator": false,
            "TelegramSignalEvaluator": false,
            "TextAnalysis": true,
            "TimeFrameStrategyEvaluator": true,
            "TrendAnalysis": true,
            "TwitterNewsEvaluator": false
        },
        "Meta": {
            "matrix_basic_keywords": true
        },
        "Services": {
            "GoogleService": true,
            "GoogleServiceFeed": true,
            "RedditService": true,
            "RedditServiceFeed": true,
            "StrategyDesignerPlugin": true,
            "TelegramApiService": true,
            "TelegramApiServiceFeed": true,
            "TelegramBotInterface": true,
            "TelegramNotifier": true,
            "TelegramService": true,
            "TelegramServiceFeed": true,
            "TradingViewService": true,
            "TradingViewServiceFeed": true,
            "TwitterNotifier": true,
            "TwitterService": true,
            "TwitterServiceFeed": true,
            "WebHookService": true,
            "WebInterface": true,
            "WebNotifier": true,
            "WebService": true
        },
        "Trading": {
            "ArbitrageTradingMode": false,
            "AscendEx": true,
            "AscendexCryptofeedWebsocketConnector": true,
            "Binance": true,
            "BinanceCryptofeedWebsocketConnector": true,
            "BinanceUS": true,
            "BinanceUSWebsocketFeedConnector": true,
            "Bitfinex": true,
            "BitfinexCryptofeedWebsocketConnector": true,
            "Bitget": true,
            "BitgetCryptofeedWebsocketConnector": true,
            "Bithumb": true,
            "Bitmex": true,
            "Bitso": true,
            "Bitstamp": true,
            "Bittrex": true,
            "BittrexCryptofeedWebsocketConnector": true,
            "Bybit": true,
            "CoinbasePro": true,
            "CoinbaseProCryptofeedWebsocketConnector": true,
            "Coinex": true,
            "DCATradingMode": false,
            "DailyTradingMode": false,
            "DefaultCCXTSpotExchange": true,
            "DipAnalyserTradingMode": false,
            "GateIO": true,
            "GateIOCryptofeedWebsocketConnector": true,
            "GridTradingMode": false,
            "Hitbtc": true,
            "Huobi": true,
            "HuobiCryptofeedWebsocketConnector": true,
            "HuobiPro": true,
            "Kraken": true,
            "KrakenCryptofeedWebsocketConnector": true,
            "Kucoin": true,
            "KucoinCryptofeedWebsocketConnector": true,
            "Ndax": true,
            "OKXCryptofeedWebsocketConnector": true,
            "Okcoin": true,
            "Okx": true,
            "Phemex": true,
            "PhemexCryptofeedWebsocketConnector": true,
            "Poloniex": true,
            "RemoteTradingSignalsTradingMode": false,
            "SignalTradingMode": false,
            "SpotMaster3000Mode": true,
            "StaggeredOrdersTradingMode": false,
            "TradingViewSignalsTradingMode": false,
            "UpbitExchange": true,
            "WavesExchange": true,
            "hollaex": true
        }
    }
}