{
    "config": {
        "crypto-currencies": {
            "Bitcoin": {
                "enabled": true,
                "pairs": [
                    "BTC/USDT:USDT"
                ]
            }
        },
        "exchanges": {},
        "trader": {
            "enabled": false,
            "load-trade-history": false
        },
        "trader-simulator": {
            "enabled": true,
            "fees": {
                "maker": 0.1,
                "taker": 0.1
            },
            "starting-portfolio": {
                "BTC": 0,
                "USDT": 10000
            }
        },
        "trading": {
            "reference-market": "USDT",
            "risk": 0.5
        }
    },
    "profile": {
        "avatar": "matrix-icon.png",
        "description": "",
        "id": "f4de49ed-cc66-4228-9967-6301915de66d",
        "imported": false,
        "name": "max - MACD-EMA rising",
        "origin_url": null,
        "read_only": false
    }
}