{
    "config": {
        "crypto-currencies": {
            "BNB": {
                "enabled": true,
                "pairs": [
                    "BNB/USDT"
                ]
            },
            "Bitcoin": {
                "enabled": true,
                "pairs": [
                    "BTC/USDT"
                ]
            },
            "Cardano": {
                "enabled": true,
                "pairs": [
                    "ADA/USDT"
                ]
            },
            "Dogecoin": {
                "enabled": true,
                "pairs": [
                    "DOGE/USDT"
                ]
            },
            "Ethereum": {
                "enabled": true,
                "pairs": [
                    "ETH/USDT"
                ]
            },
            "Internet Computer": {
                "pairs": [
                    "ICP/USDT"
                ]
            },
            "Litecoin": {
                "enabled": true,
                "pairs": [
                    "LTC/USDT"
                ]
            },
            "Monero": {
                "enabled": true,
                "pairs": [
                    "XMR/USDT"
                ]
            },
            "Polkadot": {
                "enabled": true,
                "pairs": [
                    "DOT/USDT"
                ]
            },
            "Polygon": {
                "pairs": [
                    "MATIC/USDT"
                ]
            }
        },
        "exchanges": {
            "binance": {
                "enabled": true,
                "exchange-type": "spot"
            }
        },
        "trader": {
            "enabled": false,
            "load-trade-history": true
        },
        "trader-simulator": {
            "enabled": true,
            "fees": {
                "maker": 0.01,
                "taker": 0.06
            },
            "starting-portfolio": {
                "USDT": 10000
            }
        },
        "trading": {
            "reference-market": "USDT",
            "risk": 0.5
        }
    },
    "profile": {
        "avatar": "matrix-icon.png",
        "description": "This is the default profile for spot master 3000. Duplicate this profile to customize settings",
        "id": "dda285df-035c-446a-9102-e4b11a9d7706",
        "imported": false,
        "name": "default spot master 3000",
        "origin_url": null,
        "read_only": true
    }
}