{
    "activation_method": "once per bar close",
    "allocation_for_ADA": {
        "allocation_ADA": 9
    },
    "allocation_for_BNB": {
        "allocation_BNB": 9
    },
    "allocation_for_BTC": {
        "allocation_BTC": 9
    },
    "allocation_for_DOGE": {
        "allocation_DOGE": 9
    },
    "allocation_for_DOT": {
        "allocation_DOT": 9
    },
    "allocation_for_ETH": {
        "allocation_ETH": 9
    },
    "allocation_for_ICP": {
        "allocation_ICP": 9
    },
    "allocation_for_LTC": {
        "allocation_LTC": 9
    },
    "allocation_for_MATIC": {
        "allocation_MATIC": 9
    },
    "allocation_for_USDT": {
        "allocation_USDT": 10
    },
    "allocation_for_XMR": {
        "allocation_XMR": 9
    },
    "coin_selector_allocation_ADA": {
        "allocation_ADA": 6.66666666666667
    },
    "coin_selector_allocation_BNB": {
        "allocation_BNB": 6.66666666666667
    },
    "coin_selector_allocation_BTC": {
        "allocation_BTC": 20
    },
    "coin_selector_allocation_DOGE": {
        "allocation_DOGE": 6.66666666666667
    },
    "coin_selector_allocation_DOT": {
        "allocation_DOT": 6.66666666666667
    },
    "coin_selector_allocation_ETH": {
        "allocation_ETH": 10
    },
    "coin_selector_allocation_LTC": {
        "allocation_LTC": 6.66666666666667
    },
    "coin_selector_allocation_USDT": {
        "allocation_USDT": 30
    },
    "coin_selector_allocation_XMR": {
        "allocation_XMR": 6.66666666666667
    },
    "default_config": [
        "TimeFrameStrategyEvaluator"
    ],
    "enable_trades_plots": true,
    "plot_average_entry": true,
    "plot_balances": true,
    "plot_open_position": true,
    "plot_orders": true,
    "plot_settings": {
        "backtest_plotting_mode": "enable backtest indicator plotting",
        "live_plotting_mode": "plot recording mode",
        "plot_average_entry": false,
        "plot_balances": false,
        "plot_open_position": false,
        "plot_orders": false,
        "plot_portfolio_p": false,
        "plot_portfolio_ref": false,
        "plot_signals": false
    },
    "required_strategies": [
        "TimeFrameStrategyEvaluator"
    ],
    "spot_master_3000": {
        "limit_buy_offset": 3,
        "limit_max_age": 3,
        "limit_sell_offset": 4,
        "max_buffer_allocation": 5,
        "min_buffer_allocation": 5,
        "order_type": "Limit Orders",
        "round_orders": false,
        "selected_coins": [
            "BTC",
            "DOT",
            "ETH",
            "LTC",
            "USDT",
            "BNB",
            "MATIC",
            "ADA",
            "ICP",
            "DOGE",
            "XMR"
        ],
        "step_to_buy": 0.3,
        "step_to_sell": 0.3,
        "threshold_to_buy": 0.5,
        "threshold_to_sell": 0.5
    },
    "trade-analysis": {}
}