{
    "config": {
        "crypto-currencies": {
            "BNB": {
                "enabled": true,
                "pairs": [
                    "BNB/USDT"
                ]
            },
            "Bitcoin": {
                "enabled": true,
                "pairs": [
                    "BTC/USDT"
                ]
            },
            "Chainlink": {
                "enabled": true,
                "pairs": [
                    "LINK/USDT",
                    "LINK/BTC"
                ]
            },
            "Dogecoin": {
                "enabled": true,
                "pairs": [
                    "DOGE/USDT"
                ]
            },
            "Ethereum": {
                "enabled": true,
                "pairs": [
                    "ETH/USDT"
                ]
            },
            "Monero": {
                "enabled": true,
                "pairs": [
                    "XMR/USDT",
                    "XMR/BTC"
                ]
            },
            "Polkadot": {
                "enabled": true,
                "pairs": [
                    "DOT/USDT"
                ]
            },
            "Polygon": {
                "enabled": true,
                "pairs": [
                    "MATIC/USDT",
                    "MATIC/BTC"
                ]
            },
            "TRON": {
                "enabled": true,
                "pairs": [
                    "TRX/USDT"
                ]
            },
            "Uniswap": {
                "enabled": true,
                "pairs": [
                    "UNI/USDT"
                ]
            }
        },
        "exchanges": {
            "binance": {
                "enabled": true,
                "exchange-type": "spot"
            }
        },
        "trader": {
            "enabled": true,
            "load-trade-history": true,
            "simulator": {
                "enabled": false
            }
        },
        "trader-simulator": {
            "enabled": false,
            "fees": {
                "maker": 0.01,
                "taker": 0.06
            },
            "starting-portfolio": {
                "USDT": 400
            }
        },
        "trading": {
            "reference-market": "USDT",
            "risk": 0.5
        }
    },
    "profile": {
        "avatar": "matrix-icon.png",
        "description": "This is my profile for spot master 3000. Duplicate this profile to customize settings",
        "id": "dda285df-035c-446a-9102-e4b117894",
        "imported": false,
        "name": "my_spot_master_3000",
        "origin_url": null,
        "read_only": false
    }
}