{
    "config": {
        "crypto-currencies": {
            "Bitcoin": {
                "enabled": true,
                "pairs": [
                    "BTC/USDT:USDT"
                ]
            }
        },
        "exchanges": {},
        "trader": {
            "enabled": false,
            "load-trade-history": false
        },
        "trader-simulator": {
            "enabled": true,
            "fees": {
                "maker": 0.01,
                "taker": 0.06
            },
            "starting-portfolio": {
                "BTC": 0,
                "USD": 0,
                "USDT": 10000
            }
        },
        "trading": {
            "reference-market": "USDT",
            "risk": 0.5
        }
    },
    "profile": {
        "avatar": "matrix-icon.png",
        "description": "https://www.youtube.com/watch?v=Yjy8U3NP0fM",
        "id": "68cf8bff-37b2-45a8-8sdf-436a25b6182e",
        "imported": false,
        "name": "max - easy heikin ashi",
        "origin_url": null,
        "read_only": false
    }
}