{
    "config": {
        "crypto-currencies": {
            "Bitcoin": {
                "enabled": true,
                "pairs": [
                    "BTC/USDT:USDT"
                ]
            }
        },
        "exchanges": {
            "binance": {
                "enabled": false
            },
            "binanceusdm": {
                "enabled": true,
                "exchange-type": "future"
            },
            "bybit": {
                "enabled": false,
                "exchange-type": "future"
            }
        },
        "trader": {
            "enabled": false,
            "load-trade-history": false
        },
        "trader-simulator": {
            "enabled": true,
            "fees": {
                "maker": 0.01,
                "taker": 0.06
            },
            "starting-portfolio": {
                "BTC": 0,
                "USD": 0,
                "USDT": 10000
            }
        },
        "trading": {
            "reference-market": "USDT",
            "risk": 0.5
        }
    },
    "profile": {
        "avatar": "matrix-icon.png",
        "description": "",
        "id": "9e5b789J-bc6c-48c7-ac28-794672e17e39",
        "imported": false,
        "name": "investobot - hypertrend",
        "origin_url": null,
        "read_only": false
    }
}