{
    "config": {
        "crypto-currencies": {
            "Bitcoin": {
                "enabled": true,
                "pairs": [
                    "BTC/USDT:USDT"
                ]
            }
        },
        "exchanges": {
            "binanceusdm": {
                "enabled": false,
                "exchange-type": "future"
            },
            "bybit": {
                "enabled": false,
                "exchange-type": "future"
            }
        },
        "trader": {
            "enabled": false,
            "load-trade-history": false
        },
        "trader-simulator": {
            "enabled": true,
            "fees": {
                "maker": -0.025,
                "taker": 0.075
            },
            "starting-portfolio": {
                "BTC": 0,
                "USDT": 10000
            }
        },
        "trading": {
            "reference-market": "USDT",
            "risk": 0.5
        }
    },
    "profile": {
        "avatar": "matrix-icon.png",
        "description": "",
        "id": "08289404-637a-4178-a976-2d7ab82334d3",
        "imported": false,
        "name": "brandon - psar ema rsi",
        "origin_url": null,
        "read_only": false
    }
}