{
    "pair_settings": [
        {
            "buy_funds": 0,
            "buy_orders_count": 25,
            "buy_volume_per_order": 0,
            "flat_increment": 100,
            "flat_spread": 350,
            "mirror_order_delay": 0,
            "pair": "BTC/USDT:USDT",
            "reinvest_profits": false,
            "sell_funds": 0,
            "sell_orders_count": 25,
            "sell_volume_per_order": 0,
            "starting_price": 0,
            "use_existing_orders_only": false,
            "use_fixed_volume_for_mirror_orders": false
        }
    ],
    "required_strategies": []
}