{
    "backtesting_analysis_settings": {
        "backtesting_analysis_report_settings": {
            "display_analysis_report": false,
            "display_analysis_report_details": false,
            "display_analysis_report_general": false,
            "display_analysis_report_performances": false,
            "display_analysis_report_strategy_settings": false
        },
        "backtesting_plot_settings": {
            "chart_location_best_case_growth": "main-chart",
            "chart_location_funding_fees": "main-chart",
            "chart_location_realized_portfolio_value": "main-chart",
            "chart_location_trade_gains": "main-chart",
            "chart_location_unrealized_portfolio_value": "main-chart",
            "chart_location_win_rate": "main-chart",
            "chart_location_wins_and_losses_count": "main-chart",
            "chart_location_withdrawals": "main-chart",
            "plot_best_case_growth": false,
            "plot_funding_fees": false,
            "plot_realized_portfolio": false,
            "plot_trade_gains": false,
            "plot_unrealized_portfolio": false,
            "plot_unrealized_portfolio_amount_for_each_asset": false,
            "plot_unrealized_portfolio_value_for_each_asset": false,
            "plot_win_rate": false,
            "plot_wins_and_losses_count": false,
            "plot_withdrawals": false
        },
        "backtesting_table_settings": {
            "display_trades_and_positions": false,
            "display_withdrawals_table": false
        }
    },
    "backtesting_run_settings": {
        "data_source": "current_bot_data",
        "end_timestamp": null,
        "exchange_type": "use_current_profile",
        "start_timestamp": 1480550400000
    },
    "bot_ui_layout": [
        {
            "layout": [
                {
                    "component": "DefaultLayout",
                    "footerContent": [
                        {
                            "component": "Footer",
                            "rightContent": [
                                {
                                    "component": "PowerMenu"
                                }
                            ]
                        }
                    ],
                    "headerContent": [
                        {
                            "component": "Header",
                            "leftContent": [
                                {
                                    "component": "AppDrawerDropdown"
                                },
                                {
                                    "component": "PairsSelector"
                                },
                                {
                                    "component": "TimeFrameSelector"
                                }
                            ],
                            "rightContent": [
                                {
                                    "component": "ColorModeSwitch"
                                },
                                {
                                    "component": "RealTradingSwitch"
                                }
                            ]
                        }
                    ],
                    "lowerContent": [
                        {
                            "component": "ScrollableTabs",
                            "rightContent": [
                                {
                                    "component": "ButtonWithModal",
                                    "content": [
                                        {
                                            "component": "UIConfig",
                                            "configKeys": [
                                                "display_settings"
                                            ]
                                        }
                                    ],
                                    "faIcon": "cog",
                                    "title": ""
                                },
                                {
                                    "component": "CurrentPanelMinimize"
                                },
                                {
                                    "component": "CurrentPanelFullscreen"
                                }
                            ],
                            "tabs": [
                                {
                                    "component": "Tab",
                                    "content": [
                                        {
                                            "component": "TradingConfig",
                                            "content": [
                                                {
                                                    "command": "execute",
                                                    "component": "SendActionCommandToTradingMode",
                                                    "faIcon": "sack-dollar",
                                                    "title": "Execute Trading Mode"
                                                }
                                            ]
                                        }
                                    ],
                                    "dontScroll": true,
                                    "title": "Strategy Settings"
                                },
                                {
                                    "component": "Tab",
                                    "content": [
                                        {
                                            "component": "ScrollableTabs",
                                            "rightContent": [
                                                {
                                                    "component": "CancelAllOrdersButton"
                                                },
                                                {
                                                    "component": "CloseAllPositionsButton"
                                                }
                                            ],
                                            "tabs": [
                                                {
                                                    "component": "Tab",
                                                    "content": [
                                                        {
                                                            "component": "UIConfig",
                                                            "configKeys": [
                                                                "live_analysis_settings"
                                                            ]
                                                        }
                                                    ],
                                                    "dontScroll": false,
                                                    "title": "Analysis Settings"
                                                },
                                                {
                                                    "component": "Tab",
                                                    "content": [
                                                        {
                                                            "component": "LiveRunMetaData"
                                                        }
                                                    ],
                                                    "dontScroll": false,
                                                    "title": "Trading Overview"
                                                },
                                                {
                                                    "component": "Tab",
                                                    "content": [
                                                        {
                                                            "component": "CurrentPortfolioTable"
                                                        }
                                                    ],
                                                    "dontScroll": false,
                                                    "title": "Portfolio"
                                                }
                                            ]
                                        }
                                    ],
                                    "dontScroll": true,
                                    "title": "Trading"
                                },
                                {
                                    "component": "Tab",
                                    "content": [
                                        {
                                            "component": "ScrollableTabs",
                                            "rightContent": [],
                                            "tabs": [
                                                {
                                                    "component": "Tab",
                                                    "content": [
                                                        {
                                                            "component": "UIConfig",
                                                            "configKeys": [
                                                                "backtesting_run_settings",
                                                                "backtesting_analysis_settings",
                                                                "optimization_campaign",
                                                                "optimizer_campaigns_to_load"
                                                            ]
                                                        }
                                                    ],
                                                    "dontScroll": false,
                                                    "title": "Backtesting Settings"
                                                },
                                                {
                                                    "component": "Tab",
                                                    "content": [
                                                        {
                                                            "component": "BacktestingRunDataTable"
                                                        }
                                                    ],
                                                    "dontScroll": false,
                                                    "title": "Backtesting Overview"
                                                },
                                                {
                                                    "component": "StartBacktestingButton"
                                                },
                                                {
                                                    "component": "StopBacktestingButton"
                                                }
                                            ]
                                        }
                                    ],
                                    "dontScroll": true,
                                    "title": "Backtesting"
                                }
                            ]
                        }
                    ],
                    "upperContent": [
                        {
                            "component": "PlotlyChart"
                        }
                    ]
                }
            ],
            "path": "/",
            "title": "Home"
        },
        {
            "layout": [
                {
                    "component": "DefaultLayout",
                    "footerContent": [
                        {
                            "component": "Footer",
                            "rightContent": [
                                {
                                    "component": "PowerMenu"
                                }
                            ]
                        }
                    ],
                    "headerContent": [
                        {
                            "component": "Header",
                            "leftContent": [
                                {
                                    "component": "AppDrawerDropdown"
                                },
                                {
                                    "component": "PairsSelector"
                                },
                                {
                                    "component": "TimeFrameSelector"
                                }
                            ],
                            "rightContent": [
                                {
                                    "component": "ColorModeSwitch"
                                },
                                {
                                    "component": "RealTradingSwitch"
                                }
                            ]
                        }
                    ],
                    "lowerContent": [
                        {
                            "component": "ScrollableTabs",
                            "rightContent": [
                                {
                                    "component": "ButtonWithModal",
                                    "content": [
                                        {
                                            "component": "UIConfig",
                                            "configKeys": [
                                                "display_settings"
                                            ]
                                        }
                                    ],
                                    "faIcon": "cog",
                                    "title": ""
                                },
                                {
                                    "component": "CurrentPanelMinimize"
                                },
                                {
                                    "component": "CurrentPanelFullscreen"
                                }
                            ],
                            "tabs": [
                                {
                                    "component": "Tab",
                                    "content": [
                                        {
                                            "component": "Configuration",
                                            "configKey": "profile/crypto-currencies"
                                        }
                                    ],
                                    "dontScroll": false,
                                    "title": "Currencies"
                                },
                                {
                                    "component": "Tab",
                                    "content": [
                                        {
                                            "component": "Configuration",
                                            "configKey": "profile/exchanges"
                                        }
                                    ],
                                    "dontScroll": false,
                                    "title": "Exchanges"
                                },
                                {
                                    "component": "Tab",
                                    "content": [
                                        {
                                            "component": "Configuration",
                                            "configKey": "profile/trading"
                                        },
                                        {
                                            "component": "Configuration",
                                            "configKey": "profile/trader"
                                        },
                                        {
                                            "component": "Configuration",
                                            "configKey": "profile/trader-simulator"
                                        }
                                    ],
                                    "dontScroll": false,
                                    "title": "Trading"
                                }
                            ]
                        }
                    ],
                    "upperContent": [
                        {
                            "component": "PlotlyChart"
                        }
                    ]
                }
            ],
            "path": "/profile",
            "title": "Profiles"
        },
        {
            "layout": [
                {
                    "component": "SimpleLayout",
                    "footerContent": [
                        {
                            "component": "Footer",
                            "rightContent": [
                                {
                                    "component": "PowerMenu"
                                }
                            ]
                        }
                    ],
                    "headerContent": [
                        {
                            "component": "Header",
                            "leftContent": [
                                {
                                    "component": "AppDrawerDropdown"
                                }
                            ],
                            "rightContent": [
                                {
                                    "component": "ColorModeSwitch"
                                },
                                {
                                    "component": "RealTradingSwitch"
                                }
                            ]
                        }
                    ],
                    "pageContent": [
                        {
                            "component": "AppStore"
                        }
                    ]
                }
            ],
            "path": "/appstore",
            "title": "App Store"
        },
        {
            "layout": [
                {
                    "component": "SimpleLayout",
                    "footerContent": [
                        {
                            "component": "Footer",
                            "rightContent": []
                        }
                    ],
                    "headerContent": [
                        {
                            "component": "Header",
                            "leftContent": [
                                {
                                    "component": "AppDrawerDropdown"
                                }
                            ],
                            "rightContent": []
                        }
                    ],
                    "pageContent": [
                        {
                            "component": "PageBuilder"
                        }
                    ]
                }
            ],
            "path": "/page-builder",
            "title": "Page Builder"
        }
    ],
    "current-live-id": 1,
    "display_settings": {
        "displayed_elements": [
            "main-chart",
            "sub-chart",
            "backtesting-run-overview",
            "backtesting-details",
            "list-of-trades-part"
        ],
        "graphs": {
            "display_unified_tooltip": true,
            "display_use_log_scale": true,
            "max_candles_before_line_display": 50000,
            "max_candles_line_sources": [
                "open",
                "high",
                "low",
                "close"
            ]
        }
    },
    "live_analysis_settings": {
        "live_plot_settings": {
            "chart_location_best_case_growth": "main-chart",
            "chart_location_funding_fees": "main-chart",
            "chart_location_realized_portfolio_value": "main-chart",
            "chart_location_trade_gains": "main-chart",
            "chart_location_unrealized_portfolio_value": "main-chart",
            "chart_location_win_rate": "main-chart",
            "chart_location_wins_and_losses_count": "main-chart",
            "chart_location_withdrawals": "main-chart",
            "plot_best_case_growth": false,
            "plot_funding_fees": false,
            "plot_realized_portfolio": false,
            "plot_trade_gains": false,
            "plot_unrealized_portfolio": false,
            "plot_win_rate": false,
            "plot_wins_and_losses_count": false,
            "plot_withdrawals": false
        },
        "live_table_settings": {
            "display_trades_and_positions": false,
            "display_withdrawals_table": false
        }
    },
    "optimization_campaign": {
        "name": "default_campaign"
    },
    "optimizer_campaigns_to_load": {
        "default_campaign": true
    }
}