{
    "BTC/USDT:USDT_settings": {
        "BTC/USDT:USDT_custom_settings_enabled": false
    },
    "Candles_history_size": 200,
    "ETH/USDT:USDT_settings": {
        "ETH/USDT:USDT_custom_settings_enabled": false
    },
    "Trigger_timeframes": [
        "5m"
    ],
    "activation_method": "once per bar close",
    "all_pairs_settings": {
        "enable_detailed_trade_alerts": true,
        "entry_settings": {
            "entry_type": "Market in"
        },
        "exit_settings": {
            "Recreate_exit_orders_on_new_entrys:_When_enabled_exit_orders_will_be_replaced_with_new_ones_based_on_the_current_candle": false,
            "adapt_live_exits": false,
            "sl_settings": {
                "SL_in_%": 0.5,
                "SL_type": "SL based on %"
            },
            "sl_trailing_settings": {
                "SL_trailing_type": "dont move the stop loss"
            },
            "tp_settings": {
                "TP_Risk_Reward_target": 2,
                "Take_profit_type": "take profit based on risk reward"
            }
        },
        "position_size_settings": {
            "position_Size_Type": "Position size based on % risk",
            "risk_per_trade_in_%": 0.5,
            "total_risk_in_%": 2
        },
        "trading_side": "long"
    },
    "default_config": [
        "TimeFrameStrategyEvaluator"
    ],
    "leverage": 1,
    "pairs_to_trade": [
        "BTC/USDT:USDT",
        "ETH/USDT:USDT"
    ],
    "required_strategies": [
        "TimeFrameStrategyEvaluator"
    ]
}