{
    "activation_method": "once per bar close",
    "allocation_ADA": 8.1818,
    "allocation_BNB": 8.1818,
    "allocation_BTC": 8.1818,
    "allocation_DOGE": 8.1818,
    "allocation_DOT": 8.1818,
    "allocation_ETH": 8.1818,
    "allocation_LINK": 8.1818,
    "allocation_LTC": 8.1818,
    "allocation_TRX": 8.1818,
    "allocation_USDT": 10,
    "allocation_XMR": 8.1818,
    "allocation_XTZ": 8.1818,
    "allocation_for_ADA": {
        "allocation_ADA": 8.1818
    },
    "allocation_for_BNB": {
        "allocation_BNB": 9
    },
    "allocation_for_BTC": {
        "allocation_BTC": 9
    },
    "allocation_for_DOGE": {
        "allocation_DOGE": 9
    },
    "allocation_for_DOT": {
        "allocation_DOT": 9
    },
    "allocation_for_ETH": {
        "allocation_ETH": 9
    },
    "allocation_for_LINK": {
        "allocation_LINK": 9
    },
    "allocation_for_LTC": {
        "allocation_LTC": 8.1818
    },
    "allocation_for_MATIC": {
        "allocation_MATIC": 9
    },
    "allocation_for_TRX": {
        "allocation_TRX": 9
    },
    "allocation_for_UNI": {
        "allocation_UNI": 9
    },
    "allocation_for_USDT": {
        "allocation_USDT": 10
    },
    "allocation_for_XMR": {
        "allocation_XMR": 9
    },
    "allocation_for_XTZ": {
        "allocation_XTZ": 8.1818
    },
    "backtest_plotting_mode": "enable backtest plotting",
    "default_config": [
        "TimeFrameStrategyEvaluator"
    ],
    "leverage": 1,
    "limit_buy_offset": 0.5,
    "limit_sell_offset": 0.5,
    "max_buffer_allocation": 6,
    "min_buffer_allocation": 10,
    "order_type": "Limit Orders",
    "plot_average_entry": false,
    "plot_balances": false,
    "plot_open_position": false,
    "plot_orders": true,
    "plot_portfolio_p": true,
    "plot_portfolio_ref": true,
    "plot_settings": {
        "backtest_plotting_mode": "disable backtest plotting",
        "live_plotting_mode": "plot recording mode",
        "plot_average_entry": false,
        "plot_balances": false,
        "plot_open_position": false,
        "plot_orders": true,
        "plot_portfolio_p": false,
        "plot_portfolio_ref": true
    },
    "required_strategies": [
        "TimeFrameStrategyEvaluator"
    ],
    "selected_coins": [
        "USDT",
        "BNB",
        "BTC",
        "ADA",
        "LINK",
        "DOGE",
        "ETH",
        "LTC",
        "XMR",
        "DOT",
        "TRX",
        "XTZ"
    ],
    "spot_master_3000": {
        "limit_buy_offset": 3,
        "limit_max_age": 3,
        "limit_sell_offset": 5,
        "max_buffer_allocation": 6,
        "min_buffer_allocation": 10,
        "order_type": "Limit Orders",
        "round_orders": true,
        "round_orders_max_value": 50,
        "selected_coins": [
            "DOT",
            "TRX",
            "BNB",
            "BTC",
            "UNI",
            "MATIC",
            "USDT",
            "XMR",
            "LINK",
            "DOGE",
            "ETH"
        ],
        "step_to_buy": 1,
        "step_to_sell": 1,
        "threshold_to_buy": 0.5,
        "threshold_to_sell": 0.5
    },
    "step_to_buy": 0.2,
    "step_to_sell": 0.2,
    "threshold_to_buy": 0.5,
    "threshold_to_sell": 0.5
}