{
    "Amount_of_Evaluators_combined_together_(s1)": 1,
    "BTC/USDT:USDT_custom_settings_enabled": false,
    "BTC/USDT:USDT_settings": {
        "BTC/USDT:USDT_custom_settings_enabled": false
    },
    "CCI_length_(s1-e1-i2)": 50,
    "Candles_history_size": 4500,
    "EMA_length_(s1-e1-i1)": 20,
    "EMA_length_(s1-e1-i2)": 100,
    "EMA_length_(s1-e2-i1)": 50,
    "ETH/USDT:USDT_custom_settings_enabled": false,
    "ETH/USDT:USDT_settings": {
        "ETH/USDT:USDT_custom_settings_enabled": false
    },
    "Enable_Strategy_(s1)": true,
    "Managed_Order_Settings": {},
    "Plot_CCI_(s1-e1-i2)": true,
    "Plot_EMA_(s1-e1-i1)": true,
    "Plot_EMA_(s1-e1-i2)": true,
    "Plot_EMA_(s1-e2-i1)": true,
    "Plot_when_EMA_is_crossing_up_EMA_(s1-e1)": true,
    "Plot_when_EMA_is_rising_(s1-e1)": true,
    "Plot_when_EMA_is_rising_(s1-e2)": true,
    "Plot_when_price_data_is_above_CCI_(s1-e1)": true,
    "Plot_when_price_data_is_above_EMA_(s1-e1)": true,
    "Plot_when_price_data_is_crossing_up_EMA_(s1-e1)": true,
    "Recreate_exit_orders_on_new_entrys:_When_enabled_exit_orders_will_be_replaced_with_new_ones_based_on_the_current_candle": false,
    "S1_Order_Settings": {},
    "SL_in_%": 5,
    "SL_trailing_type": "dont move the stop loss",
    "SL_type": "SL based on %",
    "S_custom_settings_enabled": false,
    "S_settings": {},
    "Select_Candle_Source_for_crossing_valuesi1_(s1-e1)": "low",
    "Select_Candle_Source_for_data_source_abovei1_(s1-e1)": "low",
    "Select_Data_Source_(s1-e1)": "EMA",
    "Select_Data_Source_(s1-e2)": "EMA",
    "Select_EMA_Candle_Source_(s1-e1-i1)": "close",
    "Select_EMA_Candle_Source_(s1-e1-i2)": "close",
    "Select_EMA_Candle_Source_(s1-e2-i1)": "close",
    "Select_crossing_values_(s1-e1)": "EMA",
    "Select_data_source_above_(s1-e1)": "price_data",
    "Select_data_source_below_(s1-e1)": "CCI",
    "Select_values_to_cross_(s1-e1)": "EMA",
    "Strategy_1_Settings": {
        "Strategy": {
            "Evaluator 1": {
                "Evaluator 1 - is_above": {
                    "Indicator 2 - data source below": {}
                }
            }
        }
    },
    "Strategy_name_and_version": "my strategy",
    "TP_Risk_Reward_target": 2,
    "Take_profit_type": "take profit based on risk reward",
    "Trading_direction_(s1)": "long",
    "Trigger_timeframes": [
        "5m"
    ],
    "__custom_settings_enabled": false,
    "__settings": {},
    "a_custom_settings_enabled": false,
    "a_settings": {},
    "activation_method": "once per bar close",
    "adapt_live_exits": false,
    "all_pairs_settings": {
        "enable_detailed_trade_alerts": true,
        "entry_settings": {
            "entry_type": "Market in"
        },
        "exit_settings": {
            "Recreate_exit_orders_on_new_entrys:_When_enabled_exit_orders_will_be_replaced_with_new_ones_based_on_the_current_candle": false,
            "adapt_live_exits": true,
            "sl_settings": {
                "SL_in_%": 0.5,
                "SL_type": "SL based on %"
            },
            "sl_trailing_settings": {
                "SL_trailing_type": "dont move the stop loss"
            },
            "tp_settings": {
                "Take_profit_type": "dont use managed Take Profit"
            }
        },
        "position_size_settings": {
            "max_position_in_%_of_account_size": 100,
            "position_Size_Type": "Position size based on % of account size",
            "position_per_trade_in_%_of_account_size": 50
        },
        "trading_side": "long"
    },
    "amount_of_consecutive_rising_candles_before_flashing_a_signal_(s1-e1)": 2,
    "amount_of_consecutive_rising_candles_before_flashing_a_signal_(s1-e2)": 2,
    "backtesting_settings": {
        "Backtesting_mode": "Normal backtesting mode",
        "Whitelist_mode:_backtest_only_candles_with_signals": false,
        "backtest_plotting_mode": "disable backtest plotting",
        "skip_runs": {
            "enable_skip_backtesting_runs": false
        }
    },
    "crossing_direction_(s1-e1)": "crossing up",
    "crossing_signal_delay_(s1-e1)": 0,
    "d_custom_settings_enabled": false,
    "d_settings": {},
    "default_config": [
        "TimeFrameStrategyEvaluator"
    ],
    "e_custom_settings_enabled": false,
    "e_settings": {},
    "enable_copy_trading_host": false,
    "enable_detailed_trade_alerts": true,
    "enable_evaluator_1_(s1)": true,
    "enable_evaluator_2_(s1)": true,
    "enable_trades_plots": true,
    "entry_type": "Market in",
    "extend_signal_X_candles_(s1-e1)": 0,
    "flash_signals_only_on_the_first_candle_(s1-e1)": false,
    "flash_signals_only_on_the_first_candle_(s1-e2)": false,
    "g_custom_settings_enabled": false,
    "g_settings": {},
    "history_length_for_maximum_dump/pump_(0_=_disabled)_(s1-e1)": 0,
    "history_length_for_nearby_signals_(0_=_disabled)_(s1-e1)": 0,
    "i_custom_settings_enabled": false,
    "i_settings": {},
    "leverage": 1,
    "live_settings": {
        "live_plotting_mode": "plot recording mode"
    },
    "m_custom_settings_enabled": false,
    "m_settings": {},
    "n_custom_settings_enabled": false,
    "n_settings": {},
    "o_custom_settings_enabled": false,
    "o_settings": {},
    "pairs_to_trade": [
        "BTC/USDT:USDT",
        "ETH/USDT:USDT"
    ],
    "plot_settings": {
        "plot_average_entry": true,
        "plot_balances": true,
        "plot_open_position": true,
        "plot_orders": true
    },
    "position_Size_Type": "Position size based on % risk",
    "price_data_needs_to_be_x_percent_above_CCI_(s1-e1)": 0,
    "price_data_needs_to_be_x_percent_above_EMA_(s1-e1)": 0,
    "r_custom_settings_enabled": false,
    "r_settings": {},
    "required_strategies": [
        "TimeFrameStrategyEvaluator"
    ],
    "risk_per_trade_in_%": 20,
    "select_evaluator_1_(s1)": "is_above",
    "select_evaluator_2_(s1)": "is_rising",
    "sideways_counts_as_rising_(s1-e1)": true,
    "sideways_counts_as_rising_(s1-e2)": true,
    "signal_delay_(s1-e1)": 0,
    "strategy_mode": "Automated based on indicators",
    "t_custom_settings_enabled": false,
    "t_settings": {},
    "total_risk_in_%": 20,
    "trading_side": "long",
    "u_custom_settings_enabled": false,
    "u_settings": {},
    "use_Data_Source-EMA_config_from_(s1-e2)": "this indicator",
    "use_values_to_cross-EMA_config_from_(s1-e1)": "this indicator"
}