{
    "ADX_length_(s2-e1-i2)": 50,
    "Amount_of_Evaluators_combined_together_(s1)": 3,
    "Amount_of_Evaluators_combined_together_(s2)": 3,
    "Amount_of_Evaluators_combined_together_(s3)": 2,
    "Backtesting_mode": "Normal backtesting mode",
    "Bundle_stop_order_with_entry_order": false,
    "Bundle_take_profit_order_with_entry_order": false,
    "Candles_history_size": 2000,
    "EMA_length_(s1-e1-i1)": 50,
    "EMA_length_(s1-e1-i2)": 60,
    "EMA_length_(s1-e2-i1)": 50,
    "EMA_length_(s1-e2-i2)": 50,
    "EMA_length_(s1-e3-i1)": 50,
    "EMA_length_(s1-e3-i2)": 450,
    "EMA_length_(s2-e1-i1)": 50,
    "EMA_length_(s2-e1-i2)": 50,
    "EMA_length_(s2-e2-i1)": 50,
    "EMA_length_(s2-e2-i2)": 50,
    "EMA_length_(s2-e3-i1)": 450,
    "EMA_length_(s2-e3-i2)": 450,
    "EMA_length_(s3-e1-i1)": 50,
    "EMA_length_(s3-e2-i1)": 50,
    "EMA_length_(s4-e1-i1)": 50,
    "EMA_length_(s4-e2-i1)": 50,
    "EMA_needs_to_be_x_percent_above_price_data_(s2-e3)": 0,
    "Enable_Strategy_(s1)": false,
    "Enable_Strategy_(s2)": false,
    "Enable_Strategy_(s3)": true,
    "Plot_ADX_(s2-e1-i2)": true,
    "Plot_EMA_(s1-e1-i1)": true,
    "Plot_EMA_(s1-e1-i2)": true,
    "Plot_EMA_(s1-e2-i1)": true,
    "Plot_EMA_(s1-e2-i2)": true,
    "Plot_EMA_(s1-e3-i1)": true,
    "Plot_EMA_(s1-e3-i2)": true,
    "Plot_EMA_(s2-e1-i1)": true,
    "Plot_EMA_(s2-e1-i2)": true,
    "Plot_EMA_(s2-e2-i1)": true,
    "Plot_EMA_(s2-e2-i2)": true,
    "Plot_EMA_(s2-e3-i1)": true,
    "Plot_EMA_(s2-e3-i2)": true,
    "Plot_EMA_(s3-e1-i1)": true,
    "Plot_EMA_(s3-e2-i1)": true,
    "Plot_EMA_(s4-e1-i1)": true,
    "Plot_EMA_(s4-e2-i1)": true,
    "Plot_andle_close_(s1-e1-i1)": true,
    "Plot_andle_close_(s1-e2-i1)": true,
    "Plot_andle_close_(s1-e2-i2)": true,
    "Plot_andle_close_(s1-e3-i1)": true,
    "Plot_andle_close_(s2-e1-i1)": true,
    "Plot_andle_close_(s2-e1-i2)": true,
    "Plot_andle_close_(s2-e2-i1)": true,
    "Plot_andle_close_(s2-e2-i2)": true,
    "Plot_andle_close_(s2-e3-i1)": true,
    "Plot_andle_close_(s2-e3-i2)": true,
    "Plot_andle_open_(s1-e2-i2)": true,
    "Plot_andle_open_(s2-e2-i1)": true,
    "Plot_andle_open_(s2-e2-i2)": true,
    "Plot_break_down_(s2-e1-i1)": true,
    "Plot_break_down_(s2-e1-i2)": true,
    "Plot_break_down_(s2-e2-i1)": true,
    "Plot_break_down_(s2-e2-i2)": true,
    "Plot_break_up_(s1-e1-i2)": true,
    "Plot_break_up_(s1-e2-i1)": true,
    "Plot_break_up_(s2-e1-i1-i1)": true,
    "Plot_break_up_(s2-e1-i2)": true,
    "Plot_break_up_(s2-e1-i2-i1)": true,
    "Plot_break_up_(s2-e2-i1)": true,
    "Plot_break_up_(s2-e2-i1-i1)": true,
    "Plot_break_up_(s2-e2-i2-i1)": true,
    "Plot_when_EMA_is_above_price_data_(s2-e3)": true,
    "Plot_when_EMA_is_crossing_up_EMA_(s1-e1)": true,
    "Plot_when_EMA_is_rising_(s1-e1)": true,
    "Plot_when_EMA_is_rising_(s1-e2)": true,
    "Plot_when_EMA_is_rising_(s1-e3)": true,
    "Plot_when_EMA_is_rising_(s2-e1)": true,
    "Plot_when_EMA_is_rising_(s2-e2)": true,
    "Plot_when_EMA_is_rising_(s2-e3)": true,
    "Plot_when_EMA_is_rising_(s3-e1)": true,
    "Plot_when_EMA_is_rising_(s3-e2)": true,
    "Plot_when_EMA_is_rising_(s4-e1)": true,
    "Plot_when_EMA_is_rising_(s4-e2)": true,
    "Plot_when_break_down_is_above_price_data_(s2-e1)": true,
    "Plot_when_break_down_is_above_price_data_(s2-e2)": true,
    "Plot_when_break_up_is_above_price_data_(s1-e2)": true,
    "Plot_when_break_up_is_above_price_data_(s2-e2)": true,
    "Plot_when_price_data_is_above_ADX_(s2-e1)": true,
    "Plot_when_price_data_is_above_EMA_(s1-e1)": true,
    "Plot_when_price_data_is_above_EMA_(s1-e2)": true,
    "Plot_when_price_data_is_above_EMA_(s1-e3)": true,
    "Plot_when_price_data_is_above_EMA_(s2-e1)": true,
    "Plot_when_price_data_is_above_EMA_(s2-e2)": true,
    "Plot_when_price_data_is_above_EMA_(s2-e3)": true,
    "Plot_when_price_data_is_above_break_down_(s2-e1)": true,
    "Plot_when_price_data_is_above_break_down_(s2-e2)": true,
    "Plot_when_price_data_is_above_break_up_(s1-e1)": true,
    "Plot_when_price_data_is_above_break_up_(s2-e1)": true,
    "Plot_when_price_data_is_crossing_up_EMA_(s1-e1)": true,
    "Plot_when_price_data_is_crossing_up_EMA_(s2-e1)": true,
    "Recreate_exit_orders_on_new_entrys:_When_enabled_exit_orders_will_be_replaced_with_new_ones_based_on_the_current_candle": false,
    "S1_Order_Settings": {
        "managed_order_enable_detailed_trade_alerts": true,
        "managed_order_entry_settings": {
            "managed_order_entry_type": "Single market in"
        },
        "managed_order_exit_settings": {
            "managed_order_sl_settings": {
                "managed_order_max_sl_in_%": 1,
                "managed_order_min_sl_in_%": 0.1,
                "managed_order_sl_in_%": 1.5,
                "managed_order_sl_type": "SL based on indicator"
            },
            "managed_order_sl_trailing_settings": {
                "managed_order_sl_trailing_type": "dont move the stop loss"
            },
            "managed_order_tp_settings": {
                "managed_order_take_profit_type": "take profit based on risk reward",
                "managed_order_tp_risk_reward_target": 2
            }
        },
        "managed_order_position_size_settings": {
            "managed_order_risk_per_trade_in_%": 3,
            "managed_order_total_risk_in_%": 6,
            "position_Size_Type": "Position size based on % risk of total account"
        }
    },
    "S2_Order_Settings": {
        "managed_order_enable_detailed_trade_alerts": true,
        "managed_order_entry_settings": {
            "managed_order_entry_type": "Single market in"
        },
        "managed_order_exit_settings": {
            "managed_order_sl_settings": {
                "managed_order_sl_in_%": 1.5,
                "managed_order_sl_type": "SL based on %"
            },
            "managed_order_sl_trailing_settings": {
                "managed_order_sl_trailing_type": "dont move the stop loss"
            },
            "managed_order_tp_settings": {
                "managed_order_take_profit_type": "take profit based on risk reward",
                "managed_order_tp_risk_reward_target": 2
            }
        },
        "managed_order_position_size_settings": {
            "managed_order_risk_per_trade_in_%": 3,
            "managed_order_total_risk_in_%": 6,
            "position_Size_Type": "Position size based on % risk of total account"
        }
    },
    "S3_Order_Settings": {
        "managed_order_enable_detailed_trade_alerts": true,
        "managed_order_entry_settings": {
            "managed_order_entry_type": "Single market in"
        },
        "managed_order_exit_settings": {
            "managed_order_sl_settings": {
                "managed_order_sl_in_%": 0.5,
                "managed_order_sl_type": "SL based on %"
            },
            "managed_order_sl_trailing_settings": {
                "managed_order_sl_trailing_type": "dont move the stop loss"
            },
            "managed_order_tp_settings": {
                "managed_order_take_profit_type": "take profit based on risk reward",
                "managed_order_tp_risk_reward_target": 2
            }
        },
        "managed_order_position_size_settings": {
            "managed_order_risk_per_trade_in_%": 0.5,
            "managed_order_total_risk_in_%": 2,
            "position_Size_Type": "Position size based on % risk of total account"
        }
    },
    "S4_Order_Settings": {
        "managed_order_enable_detailed_trade_alerts": true,
        "managed_order_entry_settings": {
            "managed_order_entry_type": "Single market in"
        },
        "managed_order_exit_settings": {
            "managed_order_sl_settings": {
                "managed_order_sl_in_%": 0.5,
                "managed_order_sl_type": "SL based on %"
            },
            "managed_order_sl_trailing_settings": {
                "managed_order_sl_trailing_type": "dont move the stop loss"
            },
            "managed_order_tp_settings": {
                "managed_order_take_profit_type": "take profit based on risk reward",
                "managed_order_tp_risk_reward_target": 2
            }
        },
        "managed_order_position_size_settings": {
            "managed_order_risk_per_trade_in_%": 0.5,
            "managed_order_total_risk_in_%": 2,
            "position_Size_Type": "Position size based on % risk of total account"
        }
    },
    "SL_in_%": 1.5,
    "SL_trailing_type": "dont move the stop loss",
    "SL_type": "SL based on %",
    "Select_Candle_Source_(s1-e1-i1)": "close",
    "Select_Candle_Source_(s1-e2-i1)": "close",
    "Select_Candle_Source_(s1-e2-i2)": "open",
    "Select_Candle_Source_(s1-e3-i1)": "close",
    "Select_Candle_Source_(s2-e1-i1)": "close",
    "Select_Candle_Source_(s2-e1-i2)": "close",
    "Select_Candle_Source_(s2-e2-i1)": "open",
    "Select_Candle_Source_(s2-e2-i2)": "open",
    "Select_Candle_Source_(s2-e3-i1)": "close",
    "Select_Candle_Source_(s2-e3-i2)": "close",
    "Select_Data_Source_(s1-e1)": "EMA",
    "Select_Data_Source_(s1-e2)": "EMA",
    "Select_Data_Source_(s1-e3)": "EMA",
    "Select_Data_Source_(s2-e1)": "EMA",
    "Select_Data_Source_(s2-e2)": "EMA",
    "Select_Data_Source_(s2-e3)": "EMA",
    "Select_Data_Source_(s3-e1)": "EMA",
    "Select_Data_Source_(s3-e2)": "EMA",
    "Select_Data_Source_(s4-e1)": "EMA",
    "Select_Data_Source_(s4-e2)": "EMA",
    "Select_EMA_Candle_Source_(s1-e1-i1)": "close",
    "Select_EMA_Candle_Source_(s1-e1-i2)": "close",
    "Select_EMA_Candle_Source_(s1-e2-i1)": "close",
    "Select_EMA_Candle_Source_(s1-e2-i2)": "close",
    "Select_EMA_Candle_Source_(s1-e3-i1)": "close",
    "Select_EMA_Candle_Source_(s1-e3-i2)": "close",
    "Select_EMA_Candle_Source_(s2-e1-i1)": "close",
    "Select_EMA_Candle_Source_(s2-e1-i2)": "close",
    "Select_EMA_Candle_Source_(s2-e2-i1)": "close",
    "Select_EMA_Candle_Source_(s2-e2-i2)": "close",
    "Select_EMA_Candle_Source_(s2-e3-i1)": "close",
    "Select_EMA_Candle_Source_(s2-e3-i2)": "close",
    "Select_EMA_Candle_Source_(s3-e1-i1)": "close",
    "Select_EMA_Candle_Source_(s3-e2-i1)": "close",
    "Select_EMA_Candle_Source_(s4-e1-i1)": "close",
    "Select_EMA_Candle_Source_(s4-e2-i1)": "close",
    "Select_crossing_values_(s1-e1)": "EMA",
    "Select_crossing_values_(s2-e1)": "price_data",
    "Select_data_source_above_(s1-e1)": "price_data",
    "Select_data_source_above_(s1-e2)": "break_up",
    "Select_data_source_above_(s1-e3)": "price_data",
    "Select_data_source_above_(s2-e1)": "break_down",
    "Select_data_source_above_(s2-e2)": "price_data",
    "Select_data_source_above_(s2-e3)": "EMA",
    "Select_data_source_below_(s1-e1)": "break_up",
    "Select_data_source_below_(s1-e2)": "price_data",
    "Select_data_source_below_(s1-e3)": "EMA",
    "Select_data_source_below_(s2-e1)": "price_data",
    "Select_data_source_below_(s2-e2)": "break_down",
    "Select_data_source_below_(s2-e3)": "price_data",
    "Select_the_time_frame_for_Break_up_data_source_(s2-e1-i1)": "current time frame",
    "Select_the_time_frame_for_Break_up_data_source_(s2-e1-i2)": "current time frame",
    "Select_the_time_frame_for_Break_up_data_source_(s2-e2-i1)": "current time frame",
    "Select_the_time_frame_for_Break_up_data_source_(s2-e2-i2)": "current time frame",
    "Select_the_time_frame_for_Data_Source_(s1-e1)": "current time frame",
    "Select_the_time_frame_for_Data_Source_(s1-e2)": "current time frame",
    "Select_the_time_frame_for_Data_Source_(s1-e3)": "current time frame",
    "Select_the_time_frame_for_Data_Source_(s2-e1)": "current time frame",
    "Select_the_time_frame_for_Data_Source_(s2-e2)": "current time frame",
    "Select_the_time_frame_for_Data_Source_(s2-e3)": "current time frame",
    "Select_the_time_frame_for_Data_Source_(s3-e1)": "current time frame",
    "Select_the_time_frame_for_Data_Source_(s3-e2)": "current time frame",
    "Select_the_time_frame_for_Data_Source_(s4-e1)": "current time frame",
    "Select_the_time_frame_for_Data_Source_(s4-e2)": "current time frame",
    "Select_the_time_frame_for_crossing_values_(s1-e1)": "1d",
    "Select_the_time_frame_for_crossing_values_(s2-e1)": "current time frame",
    "Select_the_time_frame_for_data_source_above_(s1-e1)": "current time frame",
    "Select_the_time_frame_for_data_source_above_(s1-e2)": "1d",
    "Select_the_time_frame_for_data_source_above_(s1-e3)": "current time frame",
    "Select_the_time_frame_for_data_source_above_(s2-e1)": "1d",
    "Select_the_time_frame_for_data_source_above_(s2-e2)": "current time frame",
    "Select_the_time_frame_for_data_source_above_(s2-e3)": "current time frame",
    "Select_the_time_frame_for_data_source_below_(s1-e1)": "1d",
    "Select_the_time_frame_for_data_source_below_(s1-e2)": "current time frame",
    "Select_the_time_frame_for_data_source_below_(s1-e3)": "current time frame",
    "Select_the_time_frame_for_data_source_below_(s2-e1)": "current time frame",
    "Select_the_time_frame_for_data_source_below_(s2-e2)": "1d",
    "Select_the_time_frame_for_data_source_below_(s2-e3)": "current time frame",
    "Select_the_time_frame_for_values_to_cross_(s1-e1)": "1d",
    "Select_the_time_frame_for_values_to_cross_(s2-e1)": "current time frame",
    "Select_values_to_cross_(s1-e1)": "EMA",
    "Select_values_to_cross_(s2-e1)": "EMA",
    "Strategy_1_Settings": {},
    "Strategy_2_Settings": {},
    "Strategy_3_Settings": {},
    "Strategy_4_Settings": {},
    "Strategy_name_and_version": "my strategy",
    "TP_Risk_Reward_target": 2,
    "Take_profit_type": "take profit based on risk reward",
    "Trading_direction_(s1)": "long",
    "Trading_direction_(s2)": "short",
    "Trading_direction_(s3)": "long",
    "Trigger_timeframes": [
        "1h",
        "1d"
    ],
    "Whitelist_mode:_backtest_only_candles_with_signals": true,
    "activation_method": "once per bar close",
    "adapt_live_exits": false,
    "amount_of_consecutive_rising_candles_before_flashing_a_signal_(s1-e1)": 2,
    "amount_of_consecutive_rising_candles_before_flashing_a_signal_(s1-e2)": 2,
    "amount_of_consecutive_rising_candles_before_flashing_a_signal_(s1-e3)": 2,
    "amount_of_consecutive_rising_candles_before_flashing_a_signal_(s2-e1)": 2,
    "amount_of_consecutive_rising_candles_before_flashing_a_signal_(s2-e2)": 2,
    "amount_of_consecutive_rising_candles_before_flashing_a_signal_(s2-e3)": 2,
    "amount_of_consecutive_rising_candles_before_flashing_a_signal_(s3-e1)": 2,
    "amount_of_consecutive_rising_candles_before_flashing_a_signal_(s3-e2)": 2,
    "amount_of_consecutive_rising_candles_before_flashing_a_signal_(s4-e1)": 2,
    "amount_of_consecutive_rising_candles_before_flashing_a_signal_(s4-e2)": 2,
    "amount_of_strategies": 2,
    "backtest_plotting_mode": "disable backtest indicator plotting",
    "backtesting_settings": {
        "Backtesting_mode": "Normal backtesting mode",
        "Whitelist_mode:_backtest_only_candles_with_signals": true,
        "backtest_plotting_mode": "enable backtest indicator plotting",
        "plot_signals": true,
        "skip_runs": {
            "enable_skip_backtesting_runs": true,
            "skip_runs_if_below_percent": 40
        }
    },
    "break_down_needs_to_be_x_percent_above_price_data_(s2-e1)": 0,
    "break_down_needs_to_be_x_percent_above_price_data_(s2-e2)": 0,
    "break_up_needs_to_be_x_percent_above_price_data_(s1-e2)": 0,
    "break_up_needs_to_be_x_percent_above_price_data_(s2-e2)": 0,
    "crossing_direction_(s1-e1)": "crossing up",
    "crossing_direction_(s2-e1)": "crossing up",
    "crossing_signal_delay_(s1-e1)": 0,
    "crossing_signal_delay_(s2-e1)": 0,
    "default_config": [
        "TimeFrameStrategyEvaluator"
    ],
    "enable_copy_trading_host": false,
    "enable_detailed_trade_alerts": true,
    "enable_evaluator_1_(s1)": true,
    "enable_evaluator_1_(s2)": false,
    "enable_evaluator_1_(s3)": true,
    "enable_evaluator_2_(s1)": true,
    "enable_evaluator_2_(s2)": true,
    "enable_evaluator_2_(s3)": true,
    "enable_evaluator_3_(s1)": true,
    "enable_evaluator_3_(s2)": false,
    "enable_plots_strategy_1": false,
    "enable_plots_strategy_2": true,
    "enable_skip_backtesting_runs": true,
    "entry_type": "Single market in",
    "extend_signal_X_candles_(s1-e1)": 0,
    "extend_signal_X_candles_(s2-e1)": 0,
    "flash_signals_only_on_the_first_candle_(s1-e1)": false,
    "flash_signals_only_on_the_first_candle_(s1-e2)": false,
    "flash_signals_only_on_the_first_candle_(s1-e3)": false,
    "flash_signals_only_on_the_first_candle_(s2-e1)": false,
    "flash_signals_only_on_the_first_candle_(s2-e2)": false,
    "flash_signals_only_on_the_first_candle_(s2-e3)": false,
    "flash_signals_only_on_the_first_candle_(s3-e1)": false,
    "flash_signals_only_on_the_first_candle_(s3-e2)": false,
    "flash_signals_only_on_the_first_candle_(s4-e1)": false,
    "flash_signals_only_on_the_first_candle_(s4-e2)": false,
    "history_length_for_maximum_dump/pump_(0_=_disabled)_(s1-e1)": 0,
    "history_length_for_maximum_dump/pump_(0_=_disabled)_(s2-e1)": 0,
    "history_length_for_nearby_signals_(0_=_disabled)_(s1-e1)": 0,
    "history_length_for_nearby_signals_(0_=_disabled)_(s2-e1)": 0,
    "leverage": 10,
    "live_settings": {
        "live_plotting_mode": "plot recording mode"
    },
    "plot_average_entry": false,
    "plot_balances": false,
    "plot_open_position": false,
    "plot_orders": false,
    "plot_settings": {
        "plot_average_entry": false,
        "plot_balances": false,
        "plot_open_position": false,
        "plot_orders": true
    },
    "position_Size_Type": "Position size based on % risk of total account",
    "price_data_needs_to_be_x_percent_above_ADX_(s2-e1)": 0,
    "price_data_needs_to_be_x_percent_above_EMA_(s1-e1)": 0,
    "price_data_needs_to_be_x_percent_above_EMA_(s1-e2)": 0,
    "price_data_needs_to_be_x_percent_above_EMA_(s1-e3)": 0,
    "price_data_needs_to_be_x_percent_above_EMA_(s2-e1)": 0,
    "price_data_needs_to_be_x_percent_above_EMA_(s2-e2)": 0,
    "price_data_needs_to_be_x_percent_above_EMA_(s2-e3)": 0,
    "price_data_needs_to_be_x_percent_above_break_down_(s2-e1)": 0,
    "price_data_needs_to_be_x_percent_above_break_down_(s2-e2)": 0,
    "price_data_needs_to_be_x_percent_above_break_up_(s1-e1)": 0,
    "price_data_needs_to_be_x_percent_above_break_up_(s2-e1)": 0,
    "required_strategies": [
        "TimeFrameStrategyEvaluator"
    ],
    "risk_per_trade_in_%": 3,
    "s1": {
        "Amount_of_Evaluators_combined_together_(s1)": 3,
        "Enable_Strategy_(s1)": true,
        "Trading_direction_(s1)": "long",
        "s1-e1base": {
            "s1-e1": {
                "s1-e1-i1": {
                    "s1-e1-i1_EMA_length": 50,
                    "s1-e1-i1_Plot_EMA": true,
                    "s1-e1-i1_Plot_andle_close": true,
                    "s1-e1-i1_Select_Candle_Source": "close",
                    "s1-e1-i1_Select_EMA_Candle_Source": "close",
                    "s1-e1_select_time_frame_for_Data_Source": "current time frame",
                    "s1-e1_select_time_frame_for_data_source_above": "current time frame"
                },
                "s1-e1-i2": {
                    "s1-e1-i2_EMA_length": 50,
                    "s1-e1-i2_Plot_EMA": true,
                    "s1-e1-i2_Plot_break_up": true,
                    "s1-e1-i2_Plot_special_highs": true,
                    "s1-e1-i2_Select_EMA_Candle_Source": "close",
                    "s1-e1-i2_Special_highs_multiplicator": 2,
                    "s1-e1_select_time_frame_for_data_source_below": "1d"
                },
                "s1-e1_Plot_when_EMA_is_rising": true,
                "s1-e1_Plot_when_price_data_is_above_EMA": true,
                "s1-e1_Plot_when_price_data_is_above_break_up": true,
                "s1-e1_Plot_when_price_data_is_above_special_highs": true,
                "s1-e1_amount_of_consecutive_rising_candles_before_flashing_a_signal": 2,
                "s1-e1_flash_signals_only_on_the_first_candle": false,
                "s1-e1_price_data_needs_to_be_x_percent_above_EMA": 0,
                "s1-e1_price_data_needs_to_be_x_percent_above_break_up": 0,
                "s1-e1_price_data_needs_to_be_x_percent_above_special_highs": 0,
                "s1-e1_select_Data_Source": "EMA",
                "s1-e1_select_data_source_above": "price_data",
                "s1-e1_select_data_source_below": "special_highs",
                "s1-e1_sideways_counts_as_rising": true,
                "s1-e1_signal_delay": 0
            },
            "s1_enable_evaluator_1": true,
            "s1_select_evaluator_1": "is_above"
        },
        "s1-e2base": {
            "s1-e2": {
                "s1-e2-i1": {
                    "s1-e2-i1_EMA_length": 50,
                    "s1-e2-i1_Plot_EMA": true,
                    "s1-e2-i1_Plot_andle_close": true,
                    "s1-e2-i1_Plot_break_up": true,
                    "s1-e2-i1_Plot_special_highs": true,
                    "s1-e2-i1_Select_Candle_Source": "close",
                    "s1-e2-i1_Select_EMA_Candle_Source": "close",
                    "s1-e2-i1_Special_highs_multiplicator": 2,
                    "s1-e2_select_time_frame_for_Data_Source": "current time frame",
                    "s1-e2_select_time_frame_for_data_source_above": "1d"
                },
                "s1-e2-i2": {
                    "s1-e2-i2_EMA_length": 50,
                    "s1-e2-i2_Plot_EMA": true,
                    "s1-e2-i2_Plot_andle_close": true,
                    "s1-e2-i2_Plot_andle_open": true,
                    "s1-e2-i2_Select_Candle_Source": "open",
                    "s1-e2-i2_Select_EMA_Candle_Source": "close",
                    "s1-e2_select_time_frame_for_data_source_below": "current time frame"
                },
                "s1-e2_Plot_when_EMA_is_rising": true,
                "s1-e2_Plot_when_break_up_is_above_price_data": true,
                "s1-e2_Plot_when_price_data_is_above_EMA": true,
                "s1-e2_Plot_when_special_highs_is_above_price_data": true,
                "s1-e2_amount_of_consecutive_rising_candles_before_flashing_a_signal": 2,
                "s1-e2_break_up_needs_to_be_x_percent_above_price_data": 0,
                "s1-e2_flash_signals_only_on_the_first_candle": false,
                "s1-e2_price_data_needs_to_be_x_percent_above_EMA": 0,
                "s1-e2_select_Data_Source": "EMA",
                "s1-e2_select_data_source_above": "special_highs",
                "s1-e2_select_data_source_below": "price_data",
                "s1-e2_sideways_counts_as_rising": true,
                "s1-e2_signal_delay": 0,
                "s1-e2_special_highs_needs_to_be_x_percent_above_price_data": 0,
                "s1-e2_use_Data_Source_EMA_config_from": "this indicator",
                "s1-e2_use_data_source_above_break_up_config_from": "this indicator",
                "s1-e2_use_data_source_above_price_data_config_from": "this indicator",
                "s1-e2_use_data_source_above_special_highs_config_from": "this indicator",
                "s1-e2_use_data_source_below_EMA_config_from": "this indicator",
                "s1-e2_use_data_source_below_price_data_config_from": "this indicator"
            },
            "s1_enable_evaluator_2": true,
            "s1_select_evaluator_2": "is_above"
        },
        "s1-e3base": {
            "s1-e3": {
                "s1-e3-i1": {
                    "s1-e3-i1_EMA_length": 50,
                    "s1-e3-i1_Plot_EMA": true,
                    "s1-e3-i1_Plot_andle_close": true,
                    "s1-e3-i1_Select_Candle_Source": "close",
                    "s1-e3-i1_Select_EMA_Candle_Source": "close",
                    "s1-e3_select_time_frame_for_Data_Source": "current time frame",
                    "s1-e3_select_time_frame_for_data_source_above": "current time frame"
                },
                "s1-e3-i2": {
                    "s1-e3-i2_EMA_length": 450,
                    "s1-e3-i2_Plot_EMA": true,
                    "s1-e3-i2_Select_EMA_Candle_Source": "close",
                    "s1-e3_select_time_frame_for_data_source_below": "current time frame"
                },
                "s1-e3_Plot_when_EMA_is_rising": true,
                "s1-e3_Plot_when_price_data_is_above_EMA": true,
                "s1-e3_amount_of_consecutive_rising_candles_before_flashing_a_signal": 2,
                "s1-e3_flash_signals_only_on_the_first_candle": false,
                "s1-e3_price_data_needs_to_be_x_percent_above_EMA": 0,
                "s1-e3_select_Data_Source": "EMA",
                "s1-e3_select_data_source_above": "price_data",
                "s1-e3_select_data_source_below": "EMA",
                "s1-e3_sideways_counts_as_rising": true,
                "s1-e3_signal_delay": 0,
                "s1-e3_use_Data_Source_EMA_config_from": "this indicator",
                "s1-e3_use_data_source_above_price_data_config_from": "this indicator",
                "s1-e3_use_data_source_below_EMA_config_from": "this indicator"
            },
            "s1_enable_evaluator_3": true,
            "s1_select_evaluator_3": "is_above"
        },
        "s1-e4base": {
            "s1-e4": {
                "s1-e4-i1": {
                    "s1-e4-i1_EMA_length": 50,
                    "s1-e4-i1_Plot_EMA": true,
                    "s1-e4-i1_Select_EMA_Candle_Source": "close",
                    "s1-e4_select_time_frame_for_Data_Source": "current time frame"
                },
                "s1-e4_Plot_when_EMA_is_rising": true,
                "s1-e4_amount_of_consecutive_rising_candles_before_flashing_a_signal": 2,
                "s1-e4_flash_signals_only_on_the_first_candle": false,
                "s1-e4_select_Data_Source": "EMA",
                "s1-e4_sideways_counts_as_rising": true,
                "s1-e4_use_Data_Source_EMA_config_from": "this indicator"
            },
            "s1_enable_evaluator_4": true,
            "s1_select_evaluator_4": "is_rising"
        }
    },
    "s2": {
        "Amount_of_Evaluators_combined_together_(s2)": 3,
        "Enable_Strategy_(s2)": false,
        "Trading_direction_(s2)": "short",
        "s2-e1base": {
            "s2-e1": {
                "s2-e1-i1": {
                    "s2-e1-i1-i1": {
                        "s2-e1-i1-i1_Plot_break_up": true,
                        "s2-e1-i1_select_time_frame_for_Break_up_data_source": "current time frame"
                    },
                    "s2-e1-i1_EMA_length": 50,
                    "s2-e1-i1_Plot_EMA": true,
                    "s2-e1-i1_Plot_andle_close": true,
                    "s2-e1-i1_Plot_break_down": true,
                    "s2-e1-i1_Plot_special_lows": true,
                    "s2-e1-i1_Select_Candle_Source": "close",
                    "s2-e1-i1_Select_EMA_Candle_Source": "close",
                    "s2-e1-i1_Special_lows_multiplicator": 2,
                    "s2-e1-i1_use_Break_up_data_source_break_up_config_from": "this indicator",
                    "s2-e1_select_time_frame_for_Data_Source": "current time frame",
                    "s2-e1_select_time_frame_for_data_source_above": "1d"
                },
                "s2-e1-i2": {
                    "s2-e1-i2_EMA_length": 50,
                    "s2-e1-i2_Plot_EMA": true,
                    "s2-e1-i2_Plot_andle_close": true,
                    "s2-e1-i2_Select_Candle_Source": "close",
                    "s2-e1-i2_Select_EMA_Candle_Source": "close",
                    "s2-e1_select_time_frame_for_data_source_below": "current time frame"
                },
                "s2-e1_Plot_when_EMA_is_rising": true,
                "s2-e1_Plot_when_break_down_is_above_price_data": true,
                "s2-e1_Plot_when_price_data_is_above_EMA": true,
                "s2-e1_Plot_when_special_lows_is_above_price_data": true,
                "s2-e1_amount_of_consecutive_rising_candles_before_flashing_a_signal": 2,
                "s2-e1_break_down_needs_to_be_x_percent_above_price_data": 0,
                "s2-e1_flash_signals_only_on_the_first_candle": false,
                "s2-e1_price_data_needs_to_be_x_percent_above_EMA": 0,
                "s2-e1_select_Data_Source": "EMA",
                "s2-e1_select_data_source_above": "special_lows",
                "s2-e1_select_data_source_below": "price_data",
                "s2-e1_sideways_counts_as_rising": true,
                "s2-e1_signal_delay": 0,
                "s2-e1_special_lows_needs_to_be_x_percent_above_price_data": 0,
                "s2-e1_use_Data_Source_EMA_config_from": "this indicator",
                "s2-e1_use_data_source_above_price_data_config_from": "this indicator",
                "s2-e1_use_data_source_below_EMA_config_from": "this indicator",
                "s2-e1_use_data_source_below_price_data_config_from": "this indicator"
            },
            "s2_enable_evaluator_1": true,
            "s2_select_evaluator_1": "is_above"
        },
        "s2-e2base": {
            "s2-e2": {
                "s2-e2-i1": {
                    "s2-e2-i1_EMA_length": 50,
                    "s2-e2-i1_Plot_EMA": true,
                    "s2-e2-i1_Plot_andle_close": true,
                    "s2-e2-i1_Plot_andle_open": true,
                    "s2-e2-i1_Select_Candle_Source": "open",
                    "s2-e2-i1_Select_EMA_Candle_Source": "close",
                    "s2-e2_select_time_frame_for_Data_Source": "current time frame",
                    "s2-e2_select_time_frame_for_data_source_above": "current time frame"
                },
                "s2-e2-i2": {
                    "s2-e2-i2-i1": {
                        "s2-e2-i2-i1_Plot_break_up": true,
                        "s2-e2-i2_select_time_frame_for_Break_up_data_source": "current time frame"
                    },
                    "s2-e2-i2_EMA_length": 50,
                    "s2-e2-i2_Plot_EMA": true,
                    "s2-e2-i2_Plot_break_down": true,
                    "s2-e2-i2_Plot_special_lows": true,
                    "s2-e2-i2_Select_EMA_Candle_Source": "close",
                    "s2-e2-i2_Special_lows_multiplicator": 2,
                    "s2-e2-i2_use_Break_up_data_source_break_up_config_from": "this indicator",
                    "s2-e2_select_time_frame_for_data_source_below": "1d"
                },
                "s2-e2_Plot_when_EMA_is_rising": true,
                "s2-e2_Plot_when_price_data_is_above_EMA": true,
                "s2-e2_Plot_when_price_data_is_above_break_down": true,
                "s2-e2_Plot_when_price_data_is_above_special_lows": true,
                "s2-e2_amount_of_consecutive_rising_candles_before_flashing_a_signal": 2,
                "s2-e2_flash_signals_only_on_the_first_candle": false,
                "s2-e2_price_data_needs_to_be_x_percent_above_EMA": 0,
                "s2-e2_price_data_needs_to_be_x_percent_above_break_down": 0,
                "s2-e2_price_data_needs_to_be_x_percent_above_special_lows": 0,
                "s2-e2_select_Data_Source": "EMA",
                "s2-e2_select_data_source_above": "price_data",
                "s2-e2_select_data_source_below": "special_lows",
                "s2-e2_sideways_counts_as_rising": true,
                "s2-e2_signal_delay": 0,
                "s2-e2_use_Data_Source_EMA_config_from": "this indicator",
                "s2-e2_use_data_source_above_price_data_config_from": "this indicator",
                "s2-e2_use_data_source_below_EMA_config_from": "this indicator",
                "s2-e2_use_data_source_below_break_down_config_from": "this indicator",
                "s2-e2_use_data_source_below_special_lows_config_from": "this indicator"
            },
            "s2_enable_evaluator_2": true,
            "s2_select_evaluator_2": "is_above"
        },
        "s2-e3base": {
            "s2-e3": {
                "s2-e3-i1": {
                    "s2-e3-i1_EMA_length": 450,
                    "s2-e3-i1_Plot_EMA": true,
                    "s2-e3-i1_Plot_andle_close": true,
                    "s2-e3-i1_Select_Candle_Source": "close",
                    "s2-e3-i1_Select_EMA_Candle_Source": "close",
                    "s2-e3_select_time_frame_for_Data_Source": "current time frame",
                    "s2-e3_select_time_frame_for_data_source_above": "current time frame"
                },
                "s2-e3-i2": {
                    "s2-e3-i2_EMA_length": 50,
                    "s2-e3-i2_Plot_EMA": true,
                    "s2-e3-i2_Plot_andle_close": true,
                    "s2-e3-i2_Select_Candle_Source": "close",
                    "s2-e3-i2_Select_EMA_Candle_Source": "close",
                    "s2-e3_select_time_frame_for_data_source_below": "current time frame"
                },
                "s2-e3_EMA_needs_to_be_x_percent_above_price_data": 0,
                "s2-e3_Plot_when_EMA_is_above_price_data": true,
                "s2-e3_Plot_when_EMA_is_rising": true,
                "s2-e3_Plot_when_price_data_is_above_EMA": true,
                "s2-e3_amount_of_consecutive_rising_candles_before_flashing_a_signal": 2,
                "s2-e3_flash_signals_only_on_the_first_candle": false,
                "s2-e3_price_data_needs_to_be_x_percent_above_EMA": 0,
                "s2-e3_select_Data_Source": "EMA",
                "s2-e3_select_data_source_above": "EMA",
                "s2-e3_select_data_source_below": "price_data",
                "s2-e3_sideways_counts_as_rising": true,
                "s2-e3_signal_delay": 0,
                "s2-e3_use_Data_Source_EMA_config_from": "this indicator",
                "s2-e3_use_data_source_above_EMA_config_from": "this indicator",
                "s2-e3_use_data_source_above_price_data_config_from": "this indicator",
                "s2-e3_use_data_source_below_EMA_config_from": "this indicator",
                "s2-e3_use_data_source_below_price_data_config_from": "this indicator"
            },
            "s2_enable_evaluator_3": true,
            "s2_select_evaluator_3": "is_above"
        }
    },
    "s3": {
        "Enable_Strategy_(s3)": false
    },
    "s4": {
        "Enable_Strategy_(s4)": false
    },
    "select_evaluator_1_(s1)": "is_above",
    "select_evaluator_1_(s2)": "is_above",
    "select_evaluator_1_(s3)": "is_rising",
    "select_evaluator_2_(s1)": "is_above",
    "select_evaluator_2_(s2)": "is_above",
    "select_evaluator_2_(s3)": "is_rising",
    "select_evaluator_3_(s1)": "is_above",
    "select_evaluator_3_(s2)": "is_above",
    "sideways_counts_as_rising_(s1-e1)": true,
    "sideways_counts_as_rising_(s1-e2)": true,
    "sideways_counts_as_rising_(s1-e3)": true,
    "sideways_counts_as_rising_(s2-e1)": true,
    "sideways_counts_as_rising_(s2-e2)": true,
    "sideways_counts_as_rising_(s2-e3)": true,
    "sideways_counts_as_rising_(s3-e1)": true,
    "sideways_counts_as_rising_(s3-e2)": true,
    "sideways_counts_as_rising_(s4-e1)": true,
    "sideways_counts_as_rising_(s4-e2)": true,
    "signal_delay_(s1-e1)": 0,
    "signal_delay_(s1-e2)": 0,
    "signal_delay_(s1-e3)": 0,
    "signal_delay_(s2-e1)": 0,
    "signal_delay_(s2-e2)": 0,
    "signal_delay_(s2-e3)": 0,
    "skip_runs": {
        "enable_skip_backtesting_runs": true,
        "skip_runs_if_below_percent": 40
    },
    "skip_runs_if_below_percent": 40,
    "strategy_1_settings": {
        "Amount_of_Evaluators_combined_together_(s1)": 2,
        "Enable_Strategy_(s1)": true,
        "Trading_direction_(s1)": "long",
        "evaluator1": {
            "enable_evaluator_1_(s1)": true,
            "enable_evaluator_1_(s2)": true,
            "enable_evaluator_1_(s3)": true,
            "enable_evaluator_1_(s4)": true,
            "select_evaluator_1_(s1)": "is_rising",
            "select_evaluator_1_(s2)": "is_rising",
            "select_evaluator_1_(s3)": "is_rising",
            "select_evaluator_1_(s4)": "is_rising"
        },
        "evaluator2": {
            "enable_evaluator_2_(s1)": true,
            "enable_evaluator_2_(s2)": true,
            "enable_evaluator_2_(s3)": true,
            "enable_evaluator_2_(s4)": true,
            "select_evaluator_2_(s1)": "is_rising",
            "select_evaluator_2_(s2)": "is_rising",
            "select_evaluator_2_(s3)": "is_rising",
            "select_evaluator_2_(s4)": "is_rising"
        }
    },
    "strategy_2_settings": {
        "Amount_of_Evaluators_combined_together_(s2)": 2,
        "Enable_Strategy_(s2)": true,
        "Trading_direction_(s2)": "long",
        "evaluator1": {
            "enable_evaluator_1_(s1)": true,
            "enable_evaluator_1_(s2)": true,
            "enable_evaluator_1_(s3)": true,
            "enable_evaluator_1_(s4)": true,
            "select_evaluator_1_(s1)": "is_rising",
            "select_evaluator_1_(s2)": "is_rising",
            "select_evaluator_1_(s3)": "is_rising",
            "select_evaluator_1_(s4)": "is_rising"
        },
        "evaluator2": {
            "enable_evaluator_2_(s1)": true,
            "enable_evaluator_2_(s2)": true,
            "enable_evaluator_2_(s3)": true,
            "enable_evaluator_2_(s4)": true,
            "select_evaluator_2_(s1)": "is_rising",
            "select_evaluator_2_(s2)": "is_rising",
            "select_evaluator_2_(s3)": "is_rising",
            "select_evaluator_2_(s4)": "is_rising"
        }
    },
    "strategy_3_settings": {
        "Amount_of_Evaluators_combined_together_(s3)": 2,
        "Enable_Strategy_(s3)": true,
        "Trading_direction_(s3)": "long",
        "evaluator1": {
            "enable_evaluator_1_(s1)": true,
            "enable_evaluator_1_(s2)": true,
            "enable_evaluator_1_(s3)": true,
            "enable_evaluator_1_(s4)": true,
            "select_evaluator_1_(s1)": "is_rising",
            "select_evaluator_1_(s2)": "is_rising",
            "select_evaluator_1_(s3)": "is_rising",
            "select_evaluator_1_(s4)": "is_rising"
        },
        "evaluator2": {
            "enable_evaluator_2_(s1)": true,
            "enable_evaluator_2_(s2)": true,
            "enable_evaluator_2_(s3)": true,
            "enable_evaluator_2_(s4)": true,
            "select_evaluator_2_(s1)": "is_rising",
            "select_evaluator_2_(s2)": "is_rising",
            "select_evaluator_2_(s3)": "is_rising",
            "select_evaluator_2_(s4)": "is_rising"
        }
    },
    "strategy_4_settings": {
        "Amount_of_Evaluators_combined_together_(s4)": 2,
        "Enable_Strategy_(s4)": true,
        "Trading_direction_(s4)": "long",
        "evaluator1": {
            "enable_evaluator_1_(s1)": true,
            "enable_evaluator_1_(s2)": true,
            "enable_evaluator_1_(s3)": true,
            "enable_evaluator_1_(s4)": true,
            "select_evaluator_1_(s1)": "is_rising",
            "select_evaluator_1_(s2)": "is_rising",
            "select_evaluator_1_(s3)": "is_rising",
            "select_evaluator_1_(s4)": "is_rising"
        },
        "evaluator2": {
            "enable_evaluator_2_(s1)": true,
            "enable_evaluator_2_(s2)": true,
            "enable_evaluator_2_(s3)": true,
            "enable_evaluator_2_(s4)": true,
            "select_evaluator_2_(s1)": "is_rising",
            "select_evaluator_2_(s2)": "is_rising",
            "select_evaluator_2_(s3)": "is_rising",
            "select_evaluator_2_(s4)": "is_rising"
        }
    },
    "strategy_mode": "Automated based on indicators",
    "strategy_name_and_version": "my strategy",
    "take_profit_in_percent": 2,
    "time_frame_strategy_(s1)": "15m",
    "time_frame_strategy_maker": "1h",
    "total_risk_in_%": 6,
    "use_Break_up_data_source-break_up_config_from_(s2-e1-i1)": "this indicator",
    "use_Break_up_data_source-break_up_config_from_(s2-e1-i2)": "this indicator",
    "use_Break_up_data_source-break_up_config_from_(s2-e2-i1)": "this indicator",
    "use_Break_up_data_source-break_up_config_from_(s2-e2-i2)": "this indicator",
    "use_Data_Source-EMA_config_from_(s1-e2)": "this indicator",
    "use_Data_Source-EMA_config_from_(s1-e3)": "this indicator",
    "use_Data_Source-EMA_config_from_(s2-e1)": "this indicator",
    "use_Data_Source-EMA_config_from_(s2-e2)": "this indicator",
    "use_Data_Source-EMA_config_from_(s2-e3)": "this indicator",
    "use_Data_Source-EMA_config_from_(s3-e1)": "this indicator",
    "use_Data_Source-EMA_config_from_(s3-e2)": "this indicator",
    "use_Data_Source-EMA_config_from_(s4-e1)": "this indicator",
    "use_Data_Source-EMA_config_from_(s4-e2)": "this indicator",
    "use_crossing_values-price_data_config_from_(s2-e1)": "this indicator",
    "use_data_source_above-EMA_config_from_(s2-e3)": "this indicator",
    "use_data_source_above-break_down_config_from_(s2-e2)": "this indicator",
    "use_data_source_above-break_up_config_from_(s1-e2)": "this indicator",
    "use_data_source_above-break_up_config_from_(s2-e2)": "this indicator",
    "use_data_source_above-price_data_config_from_(s1-e2)": "this indicator",
    "use_data_source_above-price_data_config_from_(s1-e3)": "this indicator",
    "use_data_source_above-price_data_config_from_(s2-e1)": "this indicator",
    "use_data_source_above-price_data_config_from_(s2-e2)": "this indicator",
    "use_data_source_above-price_data_config_from_(s2-e3)": "this indicator",
    "use_data_source_below-EMA_config_from_(s1-e3)": "this indicator",
    "use_data_source_below-EMA_config_from_(s2-e2)": "this indicator",
    "use_data_source_below-EMA_config_from_(s2-e3)": "this indicator",
    "use_data_source_below-break_down_config_from_(s2-e2)": "this indicator",
    "use_data_source_below-break_up_config_from_(s2-e1)": "this indicator",
    "use_data_source_below-price_data_config_from_(s1-e2)": "this indicator",
    "use_data_source_below-price_data_config_from_(s2-e1)": "this indicator",
    "use_data_source_below-price_data_config_from_(s2-e2)": "this indicator",
    "use_data_source_below-price_data_config_from_(s2-e3)": "this indicator",
    "use_values_to_cross-EMA_config_from_(s1-e1)": "this indicator",
    "use_values_to_cross-EMA_config_from_(s2-e1)": "this indicator"
}