{
    "backtesting_analysis_settings": {
        "display_backtest_details": true,
        "display_trades_and_positions": true,
        "plot_best_case_growth_on_backtesting_chart": true,
        "plot_funding_fees_on_backtesting_chart": false,
        "plot_pnl_on_backtesting_chart": true,
        "plot_pnl_on_main_chart": false,
        "plot_portfolio_value_on_main_chart": false,
        "plot_trade_gains_on_backtesting_chart": false,
        "plot_trade_gains_on_main_chart": false,
        "plot_win_rate_on_backtesting_chart": false,
        "plot_wins_and_losses_count_on_backtesting_chart": false
    },
    "backtesting_run_settings": {
        "data_source": "ExchangeBotSnapshotWithHistoryCollector_binanceusdm_BTCUSDT_USDT_1d-1h.data",
        "end_timestamp": null,
        "exchange_type": "use_current_profile",
        "start_timestamp": null
    },
    "current-live-id": 1,
    "display_settings": {
        "displayed_elements": [
            "main-chart",
            "sub-chart",
            "backtesting-run-overview",
            "backtesting-details",
            "list-of-trades-part"
        ],
        "graphs": {
            "display_unified_tooltip": true,
            "display_use_log_scale": true,
            "max_candles_before_line_display": "5000",
            "max_candles_line_sources": [
                "close"
            ]
        }
    },
    "optimization_campaign": {
        "name": "testing profile"
    },
    "optimizer_inputs": {
        "filters_settings": [],
        "user_inputs": {
            "StrategyMakerMode-enable_copy_trading_host": {
                "enabled": false,
                "tentacle": "StrategyMakerMode",
                "user_input": "enable_copy_trading_host",
                "value": []
            },
            "StrategyMakerMode-leverage": {
                "enabled": false,
                "tentacle": "StrategyMakerMode",
                "user_input": "leverage",
                "value": {
                    "max": 0,
                    "min": 0,
                    "step": 1
                }
            },
            "StrategyMakerMode-time_frame_strategy_maker": {
                "enabled": false,
                "tentacle": "StrategyMakerMode",
                "user_input": "time_frame_strategy_maker",
                "value": []
            },
            "StrategyMakerMode_------_S1_Order_Settings-enable_detailed_trade_alerts": {
                "enabled": false,
                "tentacle": "StrategyMakerMode_------_S1_Order_Settings",
                "user_input": "enable_detailed_trade_alerts",
                "value": []
            },
            "StrategyMakerMode_------_S1_Order_Settings_------_Entry Settings-entry_type": {
                "enabled": false,
                "tentacle": "StrategyMakerMode_------_S1_Order_Settings_------_Entry Settings",
                "user_input": "entry_type",
                "value": []
            },
            "StrategyMakerMode_------_S1_Order_Settings_------_Exit Settings_------_Stop Loss Settings-SL_in_%": {
                "enabled": true,
                "tentacle": "StrategyMakerMode_------_S1_Order_Settings_------_Exit Settings_------_Stop Loss Settings",
                "user_input": "SL_in_%",
                "value": {
                    "max": 1.5,
                    "min": 0.5,
                    "step": 0.25
                }
            },
            "StrategyMakerMode_------_S1_Order_Settings_------_Exit Settings_------_Stop Loss Settings-SL_type": {
                "enabled": false,
                "tentacle": "StrategyMakerMode_------_S1_Order_Settings_------_Exit Settings_------_Stop Loss Settings",
                "user_input": "SL_type",
                "value": []
            },
            "StrategyMakerMode_------_S1_Order_Settings_------_Exit Settings_------_Stop Loss Settings_------_Trailing Stop Settings-SL_trailing_type": {
                "enabled": false,
                "tentacle": "StrategyMakerMode_------_S1_Order_Settings_------_Exit Settings_------_Stop Loss Settings_------_Trailing Stop Settings",
                "user_input": "SL_trailing_type",
                "value": []
            },
            "StrategyMakerMode_------_S1_Order_Settings_------_Exit Settings_------_Take Profit Settings-TP_Risk_Reward_target": {
                "enabled": true,
                "tentacle": "StrategyMakerMode_------_S1_Order_Settings_------_Exit Settings_------_Take Profit Settings",
                "user_input": "TP_Risk_Reward_target",
                "value": {
                    "max": 3,
                    "min": 1.25,
                    "step": 0.25
                }
            },
            "StrategyMakerMode_------_S1_Order_Settings_------_Exit Settings_------_Take Profit Settings-Take_profit_type": {
                "enabled": false,
                "tentacle": "StrategyMakerMode_------_S1_Order_Settings_------_Exit Settings_------_Take Profit Settings",
                "user_input": "Take_profit_type",
                "value": []
            },
            "StrategyMakerMode_------_S1_Order_Settings_------_Position Size Settings-position_Size_Type": {
                "enabled": false,
                "tentacle": "StrategyMakerMode_------_S1_Order_Settings_------_Position Size Settings",
                "user_input": "position_Size_Type",
                "value": []
            },
            "StrategyMakerMode_------_S1_Order_Settings_------_Position Size Settings-risk_per_trade_in_%": {
                "enabled": true,
                "tentacle": "StrategyMakerMode_------_S1_Order_Settings_------_Position Size Settings",
                "user_input": "risk_per_trade_in_%",
                "value": {
                    "max": 3,
                    "min": 3,
                    "step": 1
                }
            },
            "StrategyMakerMode_------_S1_Order_Settings_------_Position Size Settings-total_risk_in_%": {
                "enabled": true,
                "tentacle": "StrategyMakerMode_------_S1_Order_Settings_------_Position Size Settings",
                "user_input": "total_risk_in_%",
                "value": {
                    "max": 6,
                    "min": 6,
                    "step": 1
                }
            },
            "StrategyMakerMode_------_Strategy_1_Settings-Amount_of_Evaluators_combined_together_(s1)": {
                "enabled": false,
                "tentacle": "StrategyMakerMode_------_Strategy_1_Settings",
                "user_input": "Amount_of_Evaluators_combined_together_(s1)",
                "value": {
                    "max": 0,
                    "min": 0,
                    "step": 1
                }
            },
            "StrategyMakerMode_------_Strategy_1_Settings-Enable_Strategy_(s1)": {
                "enabled": false,
                "tentacle": "StrategyMakerMode_------_Strategy_1_Settings",
                "user_input": "Enable_Strategy_(s1)",
                "value": []
            },
            "StrategyMakerMode_------_Strategy_1_Settings-Trading_direction_(s1)": {
                "enabled": false,
                "tentacle": "StrategyMakerMode_------_Strategy_1_Settings",
                "user_input": "Trading_direction_(s1)",
                "value": []
            },
            "StrategyMakerMode_------_Strategy_1_Settings_------_Strategy_------_Evaluator 1-enable_evaluator_1_(s1)": {
                "enabled": false,
                "tentacle": "StrategyMakerMode_------_Strategy_1_Settings_------_Strategy_------_Evaluator 1",
                "user_input": "enable_evaluator_1_(s1)",
                "value": []
            },
            "StrategyMakerMode_------_Strategy_1_Settings_------_Strategy_------_Evaluator 1-select_evaluator_1_(s1)": {
                "enabled": false,
                "tentacle": "StrategyMakerMode_------_Strategy_1_Settings_------_Strategy_------_Evaluator 1",
                "user_input": "select_evaluator_1_(s1)",
                "value": []
            },
            "StrategyMakerMode_------_Strategy_1_Settings_------_Strategy_------_Evaluator 1_------_Evaluator 1 - is_above-Plot_when_price_data_is_above_break_up_(s1-e1)": {
                "enabled": false,
                "tentacle": "StrategyMakerMode_------_Strategy_1_Settings_------_Strategy_------_Evaluator 1_------_Evaluator 1 - is_above",
                "user_input": "Plot_when_price_data_is_above_break_up_(s1-e1)",
                "value": []
            },
            "StrategyMakerMode_------_Strategy_1_Settings_------_Strategy_------_Evaluator 1_------_Evaluator 1 - is_above-Select_data_source_above_(s1-e1)": {
                "enabled": false,
                "tentacle": "StrategyMakerMode_------_Strategy_1_Settings_------_Strategy_------_Evaluator 1_------_Evaluator 1 - is_above",
                "user_input": "Select_data_source_above_(s1-e1)",
                "value": []
            },
            "StrategyMakerMode_------_Strategy_1_Settings_------_Strategy_------_Evaluator 1_------_Evaluator 1 - is_above-Select_data_source_below_(s1-e1)": {
                "enabled": false,
                "tentacle": "StrategyMakerMode_------_Strategy_1_Settings_------_Strategy_------_Evaluator 1_------_Evaluator 1 - is_above",
                "user_input": "Select_data_source_below_(s1-e1)",
                "value": []
            },
            "StrategyMakerMode_------_Strategy_1_Settings_------_Strategy_------_Evaluator 1_------_Evaluator 1 - is_above-Select_the_time_frame_for_data_source_above_(s1-e1)": {
                "enabled": false,
                "tentacle": "StrategyMakerMode_------_Strategy_1_Settings_------_Strategy_------_Evaluator 1_------_Evaluator 1 - is_above",
                "user_input": "Select_the_time_frame_for_data_source_above_(s1-e1)",
                "value": []
            },
            "StrategyMakerMode_------_Strategy_1_Settings_------_Strategy_------_Evaluator 1_------_Evaluator 1 - is_above-Select_the_time_frame_for_data_source_below_(s1-e1)": {
                "enabled": false,
                "tentacle": "StrategyMakerMode_------_Strategy_1_Settings_------_Strategy_------_Evaluator 1_------_Evaluator 1 - is_above",
                "user_input": "Select_the_time_frame_for_data_source_below_(s1-e1)",
                "value": []
            },
            "StrategyMakerMode_------_Strategy_1_Settings_------_Strategy_------_Evaluator 1_------_Evaluator 1 - is_above-price_data_needs_to_be_x_percent_above_break_up_(s1-e1)": {
                "enabled": false,
                "tentacle": "StrategyMakerMode_------_Strategy_1_Settings_------_Strategy_------_Evaluator 1_------_Evaluator 1 - is_above",
                "user_input": "price_data_needs_to_be_x_percent_above_break_up_(s1-e1)",
                "value": {
                    "max": 0,
                    "min": 0,
                    "step": 1
                }
            },
            "StrategyMakerMode_------_Strategy_1_Settings_------_Strategy_------_Evaluator 1_------_Evaluator 1 - is_above-signal_delay_(s1-e1)": {
                "enabled": false,
                "tentacle": "StrategyMakerMode_------_Strategy_1_Settings_------_Strategy_------_Evaluator 1_------_Evaluator 1 - is_above",
                "user_input": "signal_delay_(s1-e1)",
                "value": {
                    "max": 0,
                    "min": 0,
                    "step": 1
                }
            },
            "StrategyMakerMode_------_Strategy_1_Settings_------_Strategy_------_Evaluator 1_------_Evaluator 1 - is_above_------_Indicator 1 - data source above-Plot_andle_close_(s1-e1-i1)": {
                "enabled": false,
                "tentacle": "StrategyMakerMode_------_Strategy_1_Settings_------_Strategy_------_Evaluator 1_------_Evaluator 1 - is_above_------_Indicator 1 - data source above",
                "user_input": "Plot_andle_close_(s1-e1-i1)",
                "value": []
            },
            "StrategyMakerMode_------_Strategy_1_Settings_------_Strategy_------_Evaluator 1_------_Evaluator 1 - is_above_------_Indicator 2 - data source below-Plot_break_up_(s1-e1-i2)": {
                "enabled": false,
                "tentacle": "StrategyMakerMode_------_Strategy_1_Settings_------_Strategy_------_Evaluator 1_------_Evaluator 1 - is_above_------_Indicator 2 - data source below",
                "user_input": "Plot_break_up_(s1-e1-i2)",
                "value": []
            },
            "StrategyMakerMode_------_Strategy_1_Settings_------_Strategy_------_Evaluator 2-enable_evaluator_2_(s1)": {
                "enabled": false,
                "tentacle": "StrategyMakerMode_------_Strategy_1_Settings_------_Strategy_------_Evaluator 2",
                "user_input": "enable_evaluator_2_(s1)",
                "value": []
            },
            "StrategyMakerMode_------_Strategy_1_Settings_------_Strategy_------_Evaluator 2-select_evaluator_2_(s1)": {
                "enabled": false,
                "tentacle": "StrategyMakerMode_------_Strategy_1_Settings_------_Strategy_------_Evaluator 2",
                "user_input": "select_evaluator_2_(s1)",
                "value": []
            },
            "StrategyMakerMode_------_Strategy_1_Settings_------_Strategy_------_Evaluator 2_------_Evaluator 2 - is_above-Plot_when_break_up_is_above_price_data_(s1-e2)": {
                "enabled": false,
                "tentacle": "StrategyMakerMode_------_Strategy_1_Settings_------_Strategy_------_Evaluator 2_------_Evaluator 2 - is_above",
                "user_input": "Plot_when_break_up_is_above_price_data_(s1-e2)",
                "value": []
            },
            "StrategyMakerMode_------_Strategy_1_Settings_------_Strategy_------_Evaluator 2_------_Evaluator 2 - is_above-Select_data_source_above_(s1-e2)": {
                "enabled": false,
                "tentacle": "StrategyMakerMode_------_Strategy_1_Settings_------_Strategy_------_Evaluator 2_------_Evaluator 2 - is_above",
                "user_input": "Select_data_source_above_(s1-e2)",
                "value": []
            },
            "StrategyMakerMode_------_Strategy_1_Settings_------_Strategy_------_Evaluator 2_------_Evaluator 2 - is_above-Select_data_source_below_(s1-e2)": {
                "enabled": false,
                "tentacle": "StrategyMakerMode_------_Strategy_1_Settings_------_Strategy_------_Evaluator 2_------_Evaluator 2 - is_above",
                "user_input": "Select_data_source_below_(s1-e2)",
                "value": []
            },
            "StrategyMakerMode_------_Strategy_1_Settings_------_Strategy_------_Evaluator 2_------_Evaluator 2 - is_above-Select_the_time_frame_for_data_source_above_(s1-e2)": {
                "enabled": false,
                "tentacle": "StrategyMakerMode_------_Strategy_1_Settings_------_Strategy_------_Evaluator 2_------_Evaluator 2 - is_above",
                "user_input": "Select_the_time_frame_for_data_source_above_(s1-e2)",
                "value": []
            },
            "StrategyMakerMode_------_Strategy_1_Settings_------_Strategy_------_Evaluator 2_------_Evaluator 2 - is_above-Select_the_time_frame_for_data_source_below_(s1-e2)": {
                "enabled": false,
                "tentacle": "StrategyMakerMode_------_Strategy_1_Settings_------_Strategy_------_Evaluator 2_------_Evaluator 2 - is_above",
                "user_input": "Select_the_time_frame_for_data_source_below_(s1-e2)",
                "value": []
            },
            "StrategyMakerMode_------_Strategy_1_Settings_------_Strategy_------_Evaluator 2_------_Evaluator 2 - is_above-break_up_needs_to_be_x_percent_above_price_data_(s1-e2)": {
                "enabled": false,
                "tentacle": "StrategyMakerMode_------_Strategy_1_Settings_------_Strategy_------_Evaluator 2_------_Evaluator 2 - is_above",
                "user_input": "break_up_needs_to_be_x_percent_above_price_data_(s1-e2)",
                "value": {
                    "max": 0,
                    "min": 0,
                    "step": 1
                }
            },
            "StrategyMakerMode_------_Strategy_1_Settings_------_Strategy_------_Evaluator 2_------_Evaluator 2 - is_above-signal_delay_(s1-e2)": {
                "enabled": false,
                "tentacle": "StrategyMakerMode_------_Strategy_1_Settings_------_Strategy_------_Evaluator 2_------_Evaluator 2 - is_above",
                "user_input": "signal_delay_(s1-e2)",
                "value": {
                    "max": 0,
                    "min": 0,
                    "step": 1
                }
            },
            "StrategyMakerMode_------_Strategy_1_Settings_------_Strategy_------_Evaluator 2_------_Evaluator 2 - is_above-use_data_source_above-break_up_config_from_(s1-e2)": {
                "enabled": false,
                "tentacle": "StrategyMakerMode_------_Strategy_1_Settings_------_Strategy_------_Evaluator 2_------_Evaluator 2 - is_above",
                "user_input": "use_data_source_above-break_up_config_from_(s1-e2)",
                "value": []
            },
            "StrategyMakerMode_------_Strategy_1_Settings_------_Strategy_------_Evaluator 2_------_Evaluator 2 - is_above-use_data_source_below-price_data_config_from_(s1-e2)": {
                "enabled": false,
                "tentacle": "StrategyMakerMode_------_Strategy_1_Settings_------_Strategy_------_Evaluator 2_------_Evaluator 2 - is_above",
                "user_input": "use_data_source_below-price_data_config_from_(s1-e2)",
                "value": []
            },
            "StrategyMakerMode_------_Strategy_1_Settings_------_Strategy_------_Evaluator 2_------_Evaluator 2 - is_above_------_Indicator 1 - data source above-Plot_break_up_(s1-e2-i1)": {
                "enabled": false,
                "tentacle": "StrategyMakerMode_------_Strategy_1_Settings_------_Strategy_------_Evaluator 2_------_Evaluator 2 - is_above_------_Indicator 1 - data source above",
                "user_input": "Plot_break_up_(s1-e2-i1)",
                "value": []
            },
            "StrategyMakerMode_------_Strategy_1_Settings_------_Strategy_------_Evaluator 2_------_Evaluator 2 - is_above_------_Indicator 2 - data source below-Plot_andle_open_(s1-e2-i2)": {
                "enabled": false,
                "tentacle": "StrategyMakerMode_------_Strategy_1_Settings_------_Strategy_------_Evaluator 2_------_Evaluator 2 - is_above_------_Indicator 2 - data source below",
                "user_input": "Plot_andle_open_(s1-e2-i2)",
                "value": []
            },
            "StrategyMakerMode_------_Strategy_1_Settings_------_Strategy_------_Evaluator 3-enable_evaluator_3_(s1)": {
                "enabled": false,
                "tentacle": "StrategyMakerMode_------_Strategy_1_Settings_------_Strategy_------_Evaluator 3",
                "user_input": "enable_evaluator_3_(s1)",
                "value": []
            },
            "StrategyMakerMode_------_Strategy_1_Settings_------_Strategy_------_Evaluator 3-select_evaluator_3_(s1)": {
                "enabled": false,
                "tentacle": "StrategyMakerMode_------_Strategy_1_Settings_------_Strategy_------_Evaluator 3",
                "user_input": "select_evaluator_3_(s1)",
                "value": []
            },
            "StrategyMakerMode_------_Strategy_1_Settings_------_Strategy_------_Evaluator 3_------_Evaluator 3 - is_above-Plot_when_price_data_is_above_EMA_(s1-e3)": {
                "enabled": false,
                "tentacle": "StrategyMakerMode_------_Strategy_1_Settings_------_Strategy_------_Evaluator 3_------_Evaluator 3 - is_above",
                "user_input": "Plot_when_price_data_is_above_EMA_(s1-e3)",
                "value": []
            },
            "StrategyMakerMode_------_Strategy_1_Settings_------_Strategy_------_Evaluator 3_------_Evaluator 3 - is_above-Select_data_source_above_(s1-e3)": {
                "enabled": false,
                "tentacle": "StrategyMakerMode_------_Strategy_1_Settings_------_Strategy_------_Evaluator 3_------_Evaluator 3 - is_above",
                "user_input": "Select_data_source_above_(s1-e3)",
                "value": []
            },
            "StrategyMakerMode_------_Strategy_1_Settings_------_Strategy_------_Evaluator 3_------_Evaluator 3 - is_above-Select_data_source_below_(s1-e3)": {
                "enabled": false,
                "tentacle": "StrategyMakerMode_------_Strategy_1_Settings_------_Strategy_------_Evaluator 3_------_Evaluator 3 - is_above",
                "user_input": "Select_data_source_below_(s1-e3)",
                "value": []
            },
            "StrategyMakerMode_------_Strategy_1_Settings_------_Strategy_------_Evaluator 3_------_Evaluator 3 - is_above-Select_the_time_frame_for_data_source_above_(s1-e3)": {
                "enabled": false,
                "tentacle": "StrategyMakerMode_------_Strategy_1_Settings_------_Strategy_------_Evaluator 3_------_Evaluator 3 - is_above",
                "user_input": "Select_the_time_frame_for_data_source_above_(s1-e3)",
                "value": []
            },
            "StrategyMakerMode_------_Strategy_1_Settings_------_Strategy_------_Evaluator 3_------_Evaluator 3 - is_above-Select_the_time_frame_for_data_source_below_(s1-e3)": {
                "enabled": false,
                "tentacle": "StrategyMakerMode_------_Strategy_1_Settings_------_Strategy_------_Evaluator 3_------_Evaluator 3 - is_above",
                "user_input": "Select_the_time_frame_for_data_source_below_(s1-e3)",
                "value": []
            },
            "StrategyMakerMode_------_Strategy_1_Settings_------_Strategy_------_Evaluator 3_------_Evaluator 3 - is_above-price_data_needs_to_be_x_percent_above_EMA_(s1-e3)": {
                "enabled": false,
                "tentacle": "StrategyMakerMode_------_Strategy_1_Settings_------_Strategy_------_Evaluator 3_------_Evaluator 3 - is_above",
                "user_input": "price_data_needs_to_be_x_percent_above_EMA_(s1-e3)",
                "value": {
                    "max": 0,
                    "min": 0,
                    "step": 1
                }
            },
            "StrategyMakerMode_------_Strategy_1_Settings_------_Strategy_------_Evaluator 3_------_Evaluator 3 - is_above-signal_delay_(s1-e3)": {
                "enabled": false,
                "tentacle": "StrategyMakerMode_------_Strategy_1_Settings_------_Strategy_------_Evaluator 3_------_Evaluator 3 - is_above",
                "user_input": "signal_delay_(s1-e3)",
                "value": {
                    "max": 0,
                    "min": 0,
                    "step": 1
                }
            },
            "StrategyMakerMode_------_Strategy_1_Settings_------_Strategy_------_Evaluator 3_------_Evaluator 3 - is_above-use_data_source_above-price_data_config_from_(s1-e3)": {
                "enabled": false,
                "tentacle": "StrategyMakerMode_------_Strategy_1_Settings_------_Strategy_------_Evaluator 3_------_Evaluator 3 - is_above",
                "user_input": "use_data_source_above-price_data_config_from_(s1-e3)",
                "value": []
            },
            "StrategyMakerMode_------_Strategy_1_Settings_------_Strategy_------_Evaluator 3_------_Evaluator 3 - is_above_------_Indicator 1 - data source above-Plot_andle_close_(s1-e3-i1)": {
                "enabled": false,
                "tentacle": "StrategyMakerMode_------_Strategy_1_Settings_------_Strategy_------_Evaluator 3_------_Evaluator 3 - is_above_------_Indicator 1 - data source above",
                "user_input": "Plot_andle_close_(s1-e3-i1)",
                "value": []
            },
            "StrategyMakerMode_------_Strategy_1_Settings_------_Strategy_------_Evaluator 3_------_Evaluator 3 - is_above_------_Indicator 2 - data source below-EMA_length_(s1-e3-i2)": {
                "enabled": true,
                "tentacle": "StrategyMakerMode_------_Strategy_1_Settings_------_Strategy_------_Evaluator 3_------_Evaluator 3 - is_above_------_Indicator 2 - data source below",
                "user_input": "EMA_length_(s1-e3-i2)",
                "value": {
                    "max": 500,
                    "min": 200,
                    "step": 50
                }
            },
            "StrategyMakerMode_------_Strategy_1_Settings_------_Strategy_------_Evaluator 3_------_Evaluator 3 - is_above_------_Indicator 2 - data source below-Plot_EMA_(s1-e3-i2)": {
                "enabled": false,
                "tentacle": "StrategyMakerMode_------_Strategy_1_Settings_------_Strategy_------_Evaluator 3_------_Evaluator 3 - is_above_------_Indicator 2 - data source below",
                "user_input": "Plot_EMA_(s1-e3-i2)",
                "value": []
            },
            "StrategyMakerMode_------_backtesting_settings-Backtesting_mode": {
                "enabled": false,
                "tentacle": "StrategyMakerMode_------_backtesting_settings",
                "user_input": "Backtesting_mode",
                "value": []
            },
            "StrategyMakerMode_------_backtesting_settings-Whitelist_mode:_backtest_only_candles_with_signals": {
                "enabled": false,
                "tentacle": "StrategyMakerMode_------_backtesting_settings",
                "user_input": "Whitelist_mode:_backtest_only_candles_with_signals",
                "value": []
            },
            "TimeFrameStrategyEvaluator-required_candles_count": {
                "enabled": false,
                "tentacle": "TimeFrameStrategyEvaluator",
                "user_input": "required_candles_count",
                "value": {
                    "max": 0,
                    "min": 0,
                    "step": 1
                }
            },
            "TimeFrameStrategyEvaluator-required_time_frames": {
                "enabled": false,
                "tentacle": "TimeFrameStrategyEvaluator",
                "user_input": "required_time_frames",
                "value": []
            }
        }
    },
    "optimizer_run_settings": {
        "data_files": "ExchangeBotSnapshotWithHistoryCollector_binanceusdm_BTCUSDT_USDT_1d-1h.data",
        "db_update_period": "",
        "default_crossover_percent": "",
        "default_generations_count": "",
        "default_max_mutation_number_multiplier": "",
        "default_mutation_percent": "",
        "default_run_per_generation": "",
        "end_timestamp": null,
        "exchange_type": "use_current_profile",
        "idle_cores": "0",
        "max_mutation_probability_percent": "",
        "max_optimizer_runs": "",
        "min_mutation_probability_percent": "",
        "mode": "normal",
        "notify_when_complete": false,
        "optimizer_id": "1",
        "queue_size": "10000",
        "start_timestamp": null
    }
}