{
    "backtesting": {
        "run_settings": {
            "data_source": "current_bot_data",
            "end_timestamp": 1657670400000,
            "exchange_type": "spot",
            "start_timestamp": 1356998400000
        }
    },
    "backtesting_analysis_settings": {
        "display_backtest_details": false,
        "display_trades_and_positions": true,
        "plot_best_case_growth_on_backtesting_chart": false,
        "plot_funding_fees_on_backtesting_chart": false,
        "plot_pnl_on_backtesting_chart": false,
        "plot_pnl_on_main_chart": true,
        "plot_trade_gains_on_backtesting_chart": false,
        "plot_trade_gains_on_main_chart": false,
        "plot_win_rate_on_backtesting_chart": false,
        "plot_wins_and_losses_count_on_backtesting_chart": false
    },
    "backtesting_plot_settings": {
        "display_backtest_details": true,
        "display_trades_and_positions": true,
        "plot_best_case_growth_on_backtesting_chart": false,
        "plot_funding_fees_on_backtesting_chart": false,
        "plot_pnl_on_backtesting_chart": false,
        "plot_pnl_on_main_chart": false,
        "plot_trade_gains_on_backtesting_chart": false,
        "plot_trade_gains_on_main_chart": false,
        "plot_win_rate_on_backtesting_chart": false,
        "plot_wins_and_losses_count_on_backtesting_chart": false
    },
    "current-bot-recording-id": 1,
    "display_settings": {
        "displayed_elements": [
            "main-chart",
            "sub-chart",
            "backtesting-run-overview",
            "backtesting-details",
            "list-of-trades-part"
        ],
        "graphs": {
            "display_unified_tooltip": true,
            "display_use_log_scale": true,
            "max_candles_before_line_display": "5000",
            "max_candles_line_sources": [
                "close"
            ]
        }
    },
    "optimization_campaign": {
        "name": "max-heikin-ashi"
    },
    "strategy_design_optimizer": {
        "inputs": {
            "filters_settings": [],
            "user_inputs": {
                "ScriptedTradingMode-activate_trade_analysis_(slows_down_backtests)": {
                    "enabled": false,
                    "tentacle": "ScriptedTradingMode",
                    "user_input": "activate_trade_analysis_(slows_down_backtests)",
                    "value": [
                        false
                    ]
                },
                "ScriptedTradingMode-enable_copy_trading_host": {
                    "enabled": false,
                    "tentacle": "ScriptedTradingMode",
                    "user_input": "enable_copy_trading_host",
                    "value": []
                },
                "ScriptedTradingMode-enable_plotting_capability_for_backtests": {
                    "enabled": false,
                    "tentacle": "ScriptedTradingMode",
                    "user_input": "enable_plotting_capability_for_backtests",
                    "value": [
                        true
                    ]
                },
                "ScriptedTradingMode-enable_trailing_stop_loss": {
                    "enabled": false,
                    "tentacle": "ScriptedTradingMode",
                    "user_input": "enable_trailing_stop_loss",
                    "value": []
                },
                "ScriptedTradingMode-leverage": {
                    "enabled": false,
                    "tentacle": "ScriptedTradingMode",
                    "user_input": "leverage",
                    "value": {
                        "max": 0,
                        "min": 0,
                        "step": 1
                    }
                },
                "ScriptedTradingMode_------_Strategy_1_Settings-Amount_of_Evaluators_combined_together_(s1)": {
                    "enabled": false,
                    "tentacle": "ScriptedTradingMode_------_Strategy_1_Settings",
                    "user_input": "Amount_of_Evaluators_combined_together_(s1)",
                    "value": {
                        "max": 0,
                        "min": 0,
                        "step": 1
                    }
                },
                "ScriptedTradingMode_------_Strategy_1_Settings-Trading_direction_(s1)": {
                    "enabled": false,
                    "tentacle": "ScriptedTradingMode_------_Strategy_1_Settings",
                    "user_input": "Trading_direction_(s1)",
                    "value": []
                },
                "ScriptedTradingMode_------_Strategy_1_Settings_------_Strategy_------_Evaluator 1-enable_evaluator_1_(s1)": {
                    "enabled": false,
                    "tentacle": "ScriptedTradingMode_------_Strategy_1_Settings_------_Strategy_------_Evaluator 1",
                    "user_input": "enable_evaluator_1_(s1)",
                    "value": []
                },
                "ScriptedTradingMode_------_Strategy_1_Settings_------_Strategy_------_Evaluator 1-select_evaluator_1_(s1)": {
                    "enabled": false,
                    "tentacle": "ScriptedTradingMode_------_Strategy_1_Settings_------_Strategy_------_Evaluator 1",
                    "user_input": "select_evaluator_1_(s1)",
                    "value": []
                },
                "ScriptedTradingMode_------_Strategy_1_Settings_------_Strategy_------_Evaluator 1_------_Evaluator 1 - is_rising-Plot_when_heikin_ashi_is_rising_(s1-e1)": {
                    "enabled": false,
                    "tentacle": "ScriptedTradingMode_------_Strategy_1_Settings_------_Strategy_------_Evaluator 1_------_Evaluator 1 - is_rising",
                    "user_input": "Plot_when_heikin_ashi_is_rising_(s1-e1)",
                    "value": []
                },
                "ScriptedTradingMode_------_Strategy_1_Settings_------_Strategy_------_Evaluator 1_------_Evaluator 1 - is_rising-Select_Data_Source_(s1-e1)": {
                    "enabled": false,
                    "tentacle": "ScriptedTradingMode_------_Strategy_1_Settings_------_Strategy_------_Evaluator 1_------_Evaluator 1 - is_rising",
                    "user_input": "Select_Data_Source_(s1-e1)",
                    "value": []
                },
                "ScriptedTradingMode_------_Strategy_1_Settings_------_Strategy_------_Evaluator 1_------_Evaluator 1 - is_rising-amount_of_consecutive_rising_candles_before_flashing_a_signal_(s1-e1)": {
                    "enabled": true,
                    "tentacle": "ScriptedTradingMode_------_Strategy_1_Settings_------_Strategy_------_Evaluator 1_------_Evaluator 1 - is_rising",
                    "user_input": "amount_of_consecutive_rising_candles_before_flashing_a_signal_(s1-e1)",
                    "value": {
                        "max": 7,
                        "min": 1,
                        "step": 1
                    }
                },
                "ScriptedTradingMode_------_Strategy_1_Settings_------_Strategy_------_Evaluator 1_------_Evaluator 1 - is_rising-flash_signals_only_on_the_first_candle_(s1-e1)": {
                    "enabled": false,
                    "tentacle": "ScriptedTradingMode_------_Strategy_1_Settings_------_Strategy_------_Evaluator 1_------_Evaluator 1 - is_rising",
                    "user_input": "flash_signals_only_on_the_first_candle_(s1-e1)",
                    "value": []
                },
                "ScriptedTradingMode_------_Strategy_1_Settings_------_Strategy_------_Evaluator 1_------_Evaluator 1 - is_rising-sideways_counts_as_rising_(s1-e1)": {
                    "enabled": false,
                    "tentacle": "ScriptedTradingMode_------_Strategy_1_Settings_------_Strategy_------_Evaluator 1_------_Evaluator 1 - is_rising",
                    "user_input": "sideways_counts_as_rising_(s1-e1)",
                    "value": []
                },
                "ScriptedTradingMode_------_Strategy_1_Settings_------_Strategy_------_Evaluator 1_------_Evaluator 1 - is_rising_------_Indicator 1 - Data Source-Plot_Heikin_Ashi_(s1-e1-i1)": {
                    "enabled": false,
                    "tentacle": "ScriptedTradingMode_------_Strategy_1_Settings_------_Strategy_------_Evaluator 1_------_Evaluator 1 - is_rising_------_Indicator 1 - Data Source",
                    "user_input": "Plot_Heikin_Ashi_(s1-e1-i1)",
                    "value": []
                },
                "ScriptedTradingMode_------_Strategy_1_Settings_------_Strategy_------_Evaluator 1_------_Evaluator 1 - is_rising_------_Indicator 1 - Data Source-select_heikin_ashi_source_(s1-e1-i1)": {
                    "enabled": false,
                    "tentacle": "ScriptedTradingMode_------_Strategy_1_Settings_------_Strategy_------_Evaluator 1_------_Evaluator 1 - is_rising_------_Indicator 1 - Data Source",
                    "user_input": "select_heikin_ashi_source_(s1-e1-i1)",
                    "value": []
                },
                "ScriptedTradingMode_------_Strategy_1_Settings_------_Strategy_------_Evaluator 2-enable_evaluator_2_(s1)": {
                    "enabled": false,
                    "tentacle": "ScriptedTradingMode_------_Strategy_1_Settings_------_Strategy_------_Evaluator 2",
                    "user_input": "enable_evaluator_2_(s1)",
                    "value": [
                        false
                    ]
                },
                "ScriptedTradingMode_------_Strategy_1_Settings_------_Strategy_------_Evaluator 2-select_evaluator_2_(s1)": {
                    "enabled": false,
                    "tentacle": "ScriptedTradingMode_------_Strategy_1_Settings_------_Strategy_------_Evaluator 2",
                    "user_input": "select_evaluator_2_(s1)",
                    "value": []
                },
                "ScriptedTradingMode_------_Strategy_1_Settings_------_Strategy_------_Evaluator 2_------_Evaluator 2 - is_above-Plot_when_price_data_is_above_SMA_(s1-e2)": {
                    "enabled": false,
                    "tentacle": "ScriptedTradingMode_------_Strategy_1_Settings_------_Strategy_------_Evaluator 2_------_Evaluator 2 - is_above",
                    "user_input": "Plot_when_price_data_is_above_SMA_(s1-e2)",
                    "value": []
                },
                "ScriptedTradingMode_------_Strategy_1_Settings_------_Strategy_------_Evaluator 2_------_Evaluator 2 - is_above-Select_data_source_above_(s1-e2)": {
                    "enabled": false,
                    "tentacle": "ScriptedTradingMode_------_Strategy_1_Settings_------_Strategy_------_Evaluator 2_------_Evaluator 2 - is_above",
                    "user_input": "Select_data_source_above_(s1-e2)",
                    "value": []
                },
                "ScriptedTradingMode_------_Strategy_1_Settings_------_Strategy_------_Evaluator 2_------_Evaluator 2 - is_above-Select_data_source_below_(s1-e2)": {
                    "enabled": false,
                    "tentacle": "ScriptedTradingMode_------_Strategy_1_Settings_------_Strategy_------_Evaluator 2_------_Evaluator 2 - is_above",
                    "user_input": "Select_data_source_below_(s1-e2)",
                    "value": []
                },
                "ScriptedTradingMode_------_Strategy_1_Settings_------_Strategy_------_Evaluator 2_------_Evaluator 2 - is_above-price_data_needs_to_be_x_percent_above_SMA_(s1-e2)": {
                    "enabled": false,
                    "tentacle": "ScriptedTradingMode_------_Strategy_1_Settings_------_Strategy_------_Evaluator 2_------_Evaluator 2 - is_above",
                    "user_input": "price_data_needs_to_be_x_percent_above_SMA_(s1-e2)",
                    "value": {
                        "max": 0,
                        "min": 0,
                        "step": 1
                    }
                },
                "ScriptedTradingMode_------_Strategy_1_Settings_------_Strategy_------_Evaluator 2_------_Evaluator 2 - is_above-signal_delay_(s1-e2)": {
                    "enabled": false,
                    "tentacle": "ScriptedTradingMode_------_Strategy_1_Settings_------_Strategy_------_Evaluator 2_------_Evaluator 2 - is_above",
                    "user_input": "signal_delay_(s1-e2)",
                    "value": {
                        "max": 0,
                        "min": 0,
                        "step": 1
                    }
                },
                "ScriptedTradingMode_------_Strategy_1_Settings_------_Strategy_------_Evaluator 2_------_Evaluator 2 - is_above_------_Indicator 2 - data source below-Plot_SMA_(s1-e2-i2)": {
                    "enabled": false,
                    "tentacle": "ScriptedTradingMode_------_Strategy_1_Settings_------_Strategy_------_Evaluator 2_------_Evaluator 2 - is_above_------_Indicator 2 - data source below",
                    "user_input": "Plot_SMA_(s1-e2-i2)",
                    "value": []
                },
                "ScriptedTradingMode_------_Strategy_1_Settings_------_Strategy_------_Evaluator 2_------_Evaluator 2 - is_above_------_Indicator 2 - data source below-SMA_length_(s1-e2-i2)": {
                    "enabled": true,
                    "tentacle": "ScriptedTradingMode_------_Strategy_1_Settings_------_Strategy_------_Evaluator 2_------_Evaluator 2 - is_above_------_Indicator 2 - data source below",
                    "user_input": "SMA_length_(s1-e2-i2)",
                    "value": {
                        "max": 200,
                        "min": 2,
                        "step": 2
                    }
                },
                "ScriptedTradingMode_------_Strategy_1_Settings_------_Strategy_------_Managed Order Settings-enable_detailed_trade_alerts": {
                    "enabled": false,
                    "tentacle": "ScriptedTradingMode_------_Strategy_1_Settings_------_Strategy_------_Managed Order Settings",
                    "user_input": "enable_detailed_trade_alerts",
                    "value": []
                },
                "ScriptedTradingMode_------_Strategy_1_Settings_------_Strategy_------_Managed Order Settings_------_Entry Settings-entry_type": {
                    "enabled": false,
                    "tentacle": "ScriptedTradingMode_------_Strategy_1_Settings_------_Strategy_------_Managed Order Settings_------_Entry Settings",
                    "user_input": "entry_type",
                    "value": []
                },
                "ScriptedTradingMode_------_Strategy_1_Settings_------_Strategy_------_Managed Order Settings_------_Exit Settings-Recreate_exit_orders_on_new_entrys:_When_enabled_exit_orders_will_be_replaced_with_new_ones_based_on_the_current_candle": {
                    "enabled": false,
                    "tentacle": "ScriptedTradingMode_------_Strategy_1_Settings_------_Strategy_------_Managed Order Settings_------_Exit Settings",
                    "user_input": "Recreate_exit_orders_on_new_entrys:_When_enabled_exit_orders_will_be_replaced_with_new_ones_based_on_the_current_candle",
                    "value": []
                },
                "ScriptedTradingMode_------_Strategy_1_Settings_------_Strategy_------_Managed Order Settings_------_Exit Settings_------_Stop Loss Settings-SL_at_low/high_buffer_in_%": {
                    "enabled": false,
                    "tentacle": "ScriptedTradingMode_------_Strategy_1_Settings_------_Strategy_------_Managed Order Settings_------_Exit Settings_------_Stop Loss Settings",
                    "user_input": "SL_at_low/high_buffer_in_%",
                    "value": {
                        "max": 0,
                        "min": 0,
                        "step": 1
                    }
                },
                "ScriptedTradingMode_------_Strategy_1_Settings_------_Strategy_------_Managed Order Settings_------_Exit Settings_------_Stop Loss Settings-SL_at_low/high_lookback_period": {
                    "enabled": true,
                    "tentacle": "ScriptedTradingMode_------_Strategy_1_Settings_------_Strategy_------_Managed Order Settings_------_Exit Settings_------_Stop Loss Settings",
                    "user_input": "SL_at_low/high_lookback_period",
                    "value": {
                        "max": 7,
                        "min": 1,
                        "step": 1
                    }
                },
                "ScriptedTradingMode_------_Strategy_1_Settings_------_Strategy_------_Managed Order Settings_------_Exit Settings_------_Stop Loss Settings-SL_type": {
                    "enabled": false,
                    "tentacle": "ScriptedTradingMode_------_Strategy_1_Settings_------_Strategy_------_Managed Order Settings_------_Exit Settings_------_Stop Loss Settings",
                    "user_input": "SL_type",
                    "value": []
                },
                "ScriptedTradingMode_------_Strategy_1_Settings_------_Strategy_------_Managed Order Settings_------_Exit Settings_------_Stop Loss Settings-max_SL_in_%": {
                    "enabled": true,
                    "tentacle": "ScriptedTradingMode_------_Strategy_1_Settings_------_Strategy_------_Managed Order Settings_------_Exit Settings_------_Stop Loss Settings",
                    "user_input": "max_SL_in_%",
                    "value": {
                        "max": 8,
                        "min": 4,
                        "step": 1
                    }
                },
                "ScriptedTradingMode_------_Strategy_1_Settings_------_Strategy_------_Managed Order Settings_------_Exit Settings_------_Stop Loss Settings-min_SL_in_%": {
                    "enabled": false,
                    "tentacle": "ScriptedTradingMode_------_Strategy_1_Settings_------_Strategy_------_Managed Order Settings_------_Exit Settings_------_Stop Loss Settings",
                    "user_input": "min_SL_in_%",
                    "value": {
                        "max": 0,
                        "min": 0,
                        "step": 1
                    }
                },
                "ScriptedTradingMode_------_Strategy_1_Settings_------_Strategy_------_Managed Order Settings_------_Exit Settings_------_Stop Loss Settings_------_Trailing Stop Settings-SL_trailing_type": {
                    "enabled": false,
                    "tentacle": "ScriptedTradingMode_------_Strategy_1_Settings_------_Strategy_------_Managed Order Settings_------_Exit Settings_------_Stop Loss Settings_------_Trailing Stop Settings",
                    "user_input": "SL_trailing_type",
                    "value": []
                },
                "ScriptedTradingMode_------_Strategy_1_Settings_------_Strategy_------_Managed Order Settings_------_Exit Settings_------_Stop Loss Settings_------_Trailing Stop Settings-start_stop_loss_trailing_only_when_price_moves_into_profit": {
                    "enabled": false,
                    "tentacle": "ScriptedTradingMode_------_Strategy_1_Settings_------_Strategy_------_Managed Order Settings_------_Exit Settings_------_Stop Loss Settings_------_Trailing Stop Settings",
                    "user_input": "start_stop_loss_trailing_only_when_price_moves_into_profit",
                    "value": []
                },
                "ScriptedTradingMode_------_Strategy_1_Settings_------_Strategy_------_Managed Order Settings_------_Exit Settings_------_Stop Loss Settings_------_Trailing Stop Settings-start_trailing_the_SL_when_price_moves_x%_into_profit": {
                    "enabled": true,
                    "tentacle": "ScriptedTradingMode_------_Strategy_1_Settings_------_Strategy_------_Managed Order Settings_------_Exit Settings_------_Stop Loss Settings_------_Trailing Stop Settings",
                    "user_input": "start_trailing_the_SL_when_price_moves_x%_into_profit",
                    "value": {
                        "max": 3,
                        "min": 0,
                        "step": 1
                    }
                },
                "ScriptedTradingMode_------_Strategy_1_Settings_------_Strategy_------_Managed Order Settings_------_Exit Settings_------_Take Profit Settings-Take_profit_type": {
                    "enabled": false,
                    "tentacle": "ScriptedTradingMode_------_Strategy_1_Settings_------_Strategy_------_Managed Order Settings_------_Exit Settings_------_Take Profit Settings",
                    "user_input": "Take_profit_type",
                    "value": []
                },
                "ScriptedTradingMode_------_Strategy_1_Settings_------_Strategy_------_Managed Order Settings_------_Position Size Settings-position_Size_Type": {
                    "enabled": false,
                    "tentacle": "ScriptedTradingMode_------_Strategy_1_Settings_------_Strategy_------_Managed Order Settings_------_Position Size Settings",
                    "user_input": "position_Size_Type",
                    "value": []
                },
                "ScriptedTradingMode_------_Strategy_1_Settings_------_Strategy_------_Managed Order Settings_------_Position Size Settings-risk_per_trade_in_%": {
                    "enabled": false,
                    "tentacle": "ScriptedTradingMode_------_Strategy_1_Settings_------_Strategy_------_Managed Order Settings_------_Position Size Settings",
                    "user_input": "risk_per_trade_in_%",
                    "value": {
                        "max": 0,
                        "min": 0,
                        "step": 1
                    }
                },
                "ScriptedTradingMode_------_Strategy_1_Settings_------_Strategy_------_Managed Order Settings_------_Position Size Settings-total_risk_in_%": {
                    "enabled": false,
                    "tentacle": "ScriptedTradingMode_------_Strategy_1_Settings_------_Strategy_------_Managed Order Settings_------_Position Size Settings",
                    "user_input": "total_risk_in_%",
                    "value": {
                        "max": 0,
                        "min": 0,
                        "step": 1
                    }
                }
            }
        },
        "run_settings": {
            "data_source": "ExchangeBotSnapshotWithHistoryCollector_bitstamp_BTCUSD_1d.data",
            "end_timestamp": null,
            "exchange_type": "Linear-Futures",
            "idle_cores": "0",
            "notify_when_complete": false,
            "optimizer_id": "2",
            "queue_size": "10000",
            "start_timestamp": 1356998400000
        }
    }
}