{
    "backtesting_analysis_settings": {
        "display_backtest_details": false,
        "display_trades_and_positions": false,
        "plot_best_case_growth_on_backtesting_chart": false,
        "plot_funding_fees_on_backtesting_chart": false,
        "plot_pnl_on_backtesting_chart": false,
        "plot_pnl_on_main_chart": true,
        "plot_portfolio_value_on_main_chart": false,
        "plot_trade_gains_on_backtesting_chart": false,
        "plot_trade_gains_on_main_chart": false,
        "plot_win_rate_on_backtesting_chart": false,
        "plot_wins_and_losses_count_on_backtesting_chart": false
    },
    "current-live-id": 1,
    "display_settings": {
        "displayed_elements": [
            "main-chart",
            "sub-chart",
            "backtesting-run-overview",
            "backtesting-details",
            "list-of-trades-part"
        ],
        "graphs": {
            "display_unified_tooltip": true,
            "display_use_log_scale": true,
            "max_candles_before_line_display": "5000",
            "max_candles_line_sources": [
                "close"
            ]
        }
    },
    "optimization_campaign": {
        "name": "investobot - hypertrend"
    },
    "optimizer_inputs": {
        "filters_settings": [],
        "user_inputs": {
            "StrategyMakerMode-Amount_of_Evaluators_combined_together_(s1)": {
                "enabled": false,
                "tentacle": "StrategyMakerMode",
                "user_input": "Amount_of_Evaluators_combined_together_(s1)",
                "value": {
                    "max": 0,
                    "min": 0,
                    "step": 1
                }
            },
            "StrategyMakerMode-Enable_Strategy_(s1)": {
                "enabled": false,
                "tentacle": "StrategyMakerMode",
                "user_input": "Enable_Strategy_(s1)",
                "value": []
            },
            "StrategyMakerMode-Plot_SMA_(s1-e1-i1)": {
                "enabled": false,
                "tentacle": "StrategyMakerMode",
                "user_input": "Plot_SMA_(s1-e1-i1)",
                "value": []
            },
            "StrategyMakerMode-Plot_Supertrend_(mo-i1)": {
                "enabled": false,
                "tentacle": "StrategyMakerMode",
                "user_input": "Plot_Supertrend_(mo-i1)",
                "value": []
            },
            "StrategyMakerMode-Plot_Supertrend_(s1-e3-i2)": {
                "enabled": false,
                "tentacle": "StrategyMakerMode",
                "user_input": "Plot_Supertrend_(s1-e3-i2)",
                "value": []
            },
            "StrategyMakerMode-Plot_VWMA_(s1-e2-i2)": {
                "enabled": false,
                "tentacle": "StrategyMakerMode",
                "user_input": "Plot_VWMA_(s1-e2-i2)",
                "value": []
            },
            "StrategyMakerMode-Plot_when_SMA_is_rising_(s1-e1)": {
                "enabled": false,
                "tentacle": "StrategyMakerMode",
                "user_input": "Plot_when_SMA_is_rising_(s1-e1)",
                "value": []
            },
            "StrategyMakerMode-Plot_when_price_data_is_above_VWMA_(s1-e2)": {
                "enabled": false,
                "tentacle": "StrategyMakerMode",
                "user_input": "Plot_when_price_data_is_above_VWMA_(s1-e2)",
                "value": []
            },
            "StrategyMakerMode-Plot_when_price_data_is_crossing_up_supertrend_(s1-e3)": {
                "enabled": false,
                "tentacle": "StrategyMakerMode",
                "user_input": "Plot_when_price_data_is_crossing_up_supertrend_(s1-e3)",
                "value": []
            },
            "StrategyMakerMode-Recreate_exit_orders_on_new_entrys:_When_enabled_exit_orders_will_be_replaced_with_new_ones_based_on_the_current_candle": {
                "enabled": false,
                "tentacle": "StrategyMakerMode",
                "user_input": "Recreate_exit_orders_on_new_entrys:_When_enabled_exit_orders_will_be_replaced_with_new_ones_based_on_the_current_candle",
                "value": []
            },
            "StrategyMakerMode-SL_trailing_type": {
                "enabled": false,
                "tentacle": "StrategyMakerMode",
                "user_input": "SL_trailing_type",
                "value": []
            },
            "StrategyMakerMode-SL_type": {
                "enabled": false,
                "tentacle": "StrategyMakerMode",
                "user_input": "SL_type",
                "value": []
            },
            "StrategyMakerMode-SMA_length_(s1-e1-i1)": {
                "enabled": false,
                "tentacle": "StrategyMakerMode",
                "user_input": "SMA_length_(s1-e1-i1)",
                "value": {
                    "max": 0,
                    "min": 0,
                    "step": 1
                }
            },
            "StrategyMakerMode-Select_Data_Source_(s1-e1)": {
                "enabled": false,
                "tentacle": "StrategyMakerMode",
                "user_input": "Select_Data_Source_(s1-e1)",
                "value": []
            },
            "StrategyMakerMode-Select_SL_Indicator_(mo)": {
                "enabled": false,
                "tentacle": "StrategyMakerMode",
                "user_input": "Select_SL_Indicator_(mo)",
                "value": []
            },
            "StrategyMakerMode-Select_crossing_values_(s1-e3)": {
                "enabled": false,
                "tentacle": "StrategyMakerMode",
                "user_input": "Select_crossing_values_(s1-e3)",
                "value": []
            },
            "StrategyMakerMode-Select_data_source_above_(s1-e2)": {
                "enabled": false,
                "tentacle": "StrategyMakerMode",
                "user_input": "Select_data_source_above_(s1-e2)",
                "value": []
            },
            "StrategyMakerMode-Select_data_source_below_(s1-e2)": {
                "enabled": false,
                "tentacle": "StrategyMakerMode",
                "user_input": "Select_data_source_below_(s1-e2)",
                "value": []
            },
            "StrategyMakerMode-Select_values_to_cross_(s1-e3)": {
                "enabled": false,
                "tentacle": "StrategyMakerMode",
                "user_input": "Select_values_to_cross_(s1-e3)",
                "value": []
            },
            "StrategyMakerMode-Start_trailing_only_if_SL_would_be_above_the_entry": {
                "enabled": false,
                "tentacle": "StrategyMakerMode",
                "user_input": "Start_trailing_only_if_SL_would_be_above_the_entry",
                "value": []
            },
            "StrategyMakerMode-Take_profit_type": {
                "enabled": false,
                "tentacle": "StrategyMakerMode",
                "user_input": "Take_profit_type",
                "value": []
            },
            "StrategyMakerMode-Trading_direction_(s1)": {
                "enabled": false,
                "tentacle": "StrategyMakerMode",
                "user_input": "Trading_direction_(s1)",
                "value": []
            },
            "StrategyMakerMode-VWMA_length_(s1-e2-i2)": {
                "enabled": false,
                "tentacle": "StrategyMakerMode",
                "user_input": "VWMA_length_(s1-e2-i2)",
                "value": {
                    "max": 0,
                    "min": 0,
                    "step": 1
                }
            },
            "StrategyMakerMode-adapt_live_exits": {
                "enabled": false,
                "tentacle": "StrategyMakerMode",
                "user_input": "adapt_live_exits",
                "value": []
            },
            "StrategyMakerMode-amount_of_consecutive_rising_candles_before_flashing_a_signal_(s1-e1)": {
                "enabled": false,
                "tentacle": "StrategyMakerMode",
                "user_input": "amount_of_consecutive_rising_candles_before_flashing_a_signal_(s1-e1)",
                "value": {
                    "max": 0,
                    "min": 0,
                    "step": 1
                }
            },
            "StrategyMakerMode-crossing_direction_(s1-e3)": {
                "enabled": false,
                "tentacle": "StrategyMakerMode",
                "user_input": "crossing_direction_(s1-e3)",
                "value": []
            },
            "StrategyMakerMode-crossing_signal_delay_(s1-e3)": {
                "enabled": false,
                "tentacle": "StrategyMakerMode",
                "user_input": "crossing_signal_delay_(s1-e3)",
                "value": {
                    "max": 0,
                    "min": 0,
                    "step": 1
                }
            },
            "StrategyMakerMode-enable_copy_trading_host": {
                "enabled": false,
                "tentacle": "StrategyMakerMode",
                "user_input": "enable_copy_trading_host",
                "value": []
            },
            "StrategyMakerMode-enable_detailed_trade_alerts": {
                "enabled": false,
                "tentacle": "StrategyMakerMode",
                "user_input": "enable_detailed_trade_alerts",
                "value": []
            },
            "StrategyMakerMode-enable_evaluator_1_(s1)": {
                "enabled": false,
                "tentacle": "StrategyMakerMode",
                "user_input": "enable_evaluator_1_(s1)",
                "value": []
            },
            "StrategyMakerMode-enable_evaluator_2_(s1)": {
                "enabled": false,
                "tentacle": "StrategyMakerMode",
                "user_input": "enable_evaluator_2_(s1)",
                "value": []
            },
            "StrategyMakerMode-enable_evaluator_3_(s1)": {
                "enabled": false,
                "tentacle": "StrategyMakerMode",
                "user_input": "enable_evaluator_3_(s1)",
                "value": []
            },
            "StrategyMakerMode-entry_type": {
                "enabled": false,
                "tentacle": "StrategyMakerMode",
                "user_input": "entry_type",
                "value": []
            },
            "StrategyMakerMode-extend_signal_X_candles_(s1-e3)": {
                "enabled": false,
                "tentacle": "StrategyMakerMode",
                "user_input": "extend_signal_X_candles_(s1-e3)",
                "value": {
                    "max": 0,
                    "min": 0,
                    "step": 1
                }
            },
            "StrategyMakerMode-flash_signals_only_on_the_first_candle_(s1-e1)": {
                "enabled": false,
                "tentacle": "StrategyMakerMode",
                "user_input": "flash_signals_only_on_the_first_candle_(s1-e1)",
                "value": []
            },
            "StrategyMakerMode-history_length_for_maximum_dump/pump_(0_=_disabled)_(s1-e3)": {
                "enabled": false,
                "tentacle": "StrategyMakerMode",
                "user_input": "history_length_for_maximum_dump/pump_(0_=_disabled)_(s1-e3)",
                "value": {
                    "max": 0,
                    "min": 0,
                    "step": 1
                }
            },
            "StrategyMakerMode-history_length_for_nearby_signals_(0_=_disabled)_(s1-e3)": {
                "enabled": false,
                "tentacle": "StrategyMakerMode",
                "user_input": "history_length_for_nearby_signals_(0_=_disabled)_(s1-e3)",
                "value": {
                    "max": 0,
                    "min": 0,
                    "step": 1
                }
            },
            "StrategyMakerMode-leverage": {
                "enabled": false,
                "tentacle": "StrategyMakerMode",
                "user_input": "leverage",
                "value": {
                    "max": 0,
                    "min": 0,
                    "step": 1
                }
            },
            "StrategyMakerMode-limit_entry_offset_in_%": {
                "enabled": false,
                "tentacle": "StrategyMakerMode",
                "user_input": "limit_entry_offset_in_%",
                "value": {
                    "max": 0,
                    "min": 0,
                    "step": 1
                }
            },
            "StrategyMakerMode-max_SL_in_%": {
                "enabled": true,
                "tentacle": "StrategyMakerMode",
                "user_input": "max_SL_in_%",
                "value": {
                    "max": 5,
                    "min": 4,
                    "step": 1
                }
            },
            "StrategyMakerMode-min_SL_in_%": {
                "enabled": true,
                "tentacle": "StrategyMakerMode",
                "user_input": "min_SL_in_%",
                "value": {
                    "max": 4,
                    "min": 1,
                    "step": 1
                }
            },
            "StrategyMakerMode-position_Size_Type": {
                "enabled": false,
                "tentacle": "StrategyMakerMode",
                "user_input": "position_Size_Type",
                "value": []
            },
            "StrategyMakerMode-price_data_needs_to_be_x_percent_above_VWMA_(s1-e2)": {
                "enabled": false,
                "tentacle": "StrategyMakerMode",
                "user_input": "price_data_needs_to_be_x_percent_above_VWMA_(s1-e2)",
                "value": {
                    "max": 0,
                    "min": 0,
                    "step": 1
                }
            },
            "StrategyMakerMode-risk_per_trade_in_%": {
                "enabled": false,
                "tentacle": "StrategyMakerMode",
                "user_input": "risk_per_trade_in_%",
                "value": {
                    "max": 0,
                    "min": 0,
                    "step": 1
                }
            },
            "StrategyMakerMode-select_evaluator_1_(s1)": {
                "enabled": false,
                "tentacle": "StrategyMakerMode",
                "user_input": "select_evaluator_1_(s1)",
                "value": []
            },
            "StrategyMakerMode-select_evaluator_2_(s1)": {
                "enabled": false,
                "tentacle": "StrategyMakerMode",
                "user_input": "select_evaluator_2_(s1)",
                "value": []
            },
            "StrategyMakerMode-select_evaluator_3_(s1)": {
                "enabled": false,
                "tentacle": "StrategyMakerMode",
                "user_input": "select_evaluator_3_(s1)",
                "value": []
            },
            "StrategyMakerMode-sideways_counts_as_rising_(s1-e1)": {
                "enabled": false,
                "tentacle": "StrategyMakerMode",
                "user_input": "sideways_counts_as_rising_(s1-e1)",
                "value": []
            },
            "StrategyMakerMode-signal_delay_(s1-e2)": {
                "enabled": false,
                "tentacle": "StrategyMakerMode",
                "user_input": "signal_delay_(s1-e2)",
                "value": {
                    "max": 0,
                    "min": 0,
                    "step": 1
                }
            },
            "StrategyMakerMode-start_stop_loss_trailing_only_when_price_moves_into_profit": {
                "enabled": false,
                "tentacle": "StrategyMakerMode",
                "user_input": "start_stop_loss_trailing_only_when_price_moves_into_profit",
                "value": []
            },
            "StrategyMakerMode-start_trailing_the_SL_when_price_moves_x%_into_profit": {
                "enabled": false,
                "tentacle": "StrategyMakerMode",
                "user_input": "start_trailing_the_SL_when_price_moves_x%_into_profit",
                "value": {
                    "max": 0,
                    "min": 0,
                    "step": 1
                }
            },
            "StrategyMakerMode-supertrend_ATR_multiplier_(mo-i1)": {
                "enabled": true,
                "tentacle": "StrategyMakerMode",
                "user_input": "supertrend_ATR_multiplier_(mo-i1)",
                "value": {
                    "max": 7,
                    "min": 5,
                    "step": 1
                }
            },
            "StrategyMakerMode-supertrend_ATR_multiplier_(s1-e3-i2)": {
                "enabled": false,
                "tentacle": "StrategyMakerMode",
                "user_input": "supertrend_ATR_multiplier_(s1-e3-i2)",
                "value": {
                    "max": 0,
                    "min": 0,
                    "step": 1
                }
            },
            "StrategyMakerMode-supertrend_ATR_period_(mo-i1)": {
                "enabled": true,
                "tentacle": "StrategyMakerMode",
                "user_input": "supertrend_ATR_period_(mo-i1)",
                "value": {
                    "max": 1005,
                    "min": 455,
                    "step": 50
                }
            },
            "StrategyMakerMode-supertrend_ATR_period_(s1-e3-i2)": {
                "enabled": false,
                "tentacle": "StrategyMakerMode",
                "user_input": "supertrend_ATR_period_(s1-e3-i2)",
                "value": {
                    "max": 0,
                    "min": 0,
                    "step": 1
                }
            },
            "StrategyMakerMode-total_risk_in_%": {
                "enabled": false,
                "tentacle": "StrategyMakerMode",
                "user_input": "total_risk_in_%",
                "value": {
                    "max": 0,
                    "min": 0,
                    "step": 1
                }
            },
            "StrategyMakerMode-use_SL_Indicator-supertrend_config_from_(mo)": {
                "enabled": false,
                "tentacle": "StrategyMakerMode",
                "user_input": "use_SL_Indicator-supertrend_config_from_(mo)",
                "value": []
            },
            "StrategyMakerMode-use_crossing_values-price_data_config_from_(s1-e3)": {
                "enabled": false,
                "tentacle": "StrategyMakerMode",
                "user_input": "use_crossing_values-price_data_config_from_(s1-e3)",
                "value": []
            },
            "StrategyMakerMode_------_backtesting_settings-Backtesting_mode": {
                "enabled": false,
                "tentacle": "StrategyMakerMode_------_backtesting_settings",
                "user_input": "Backtesting_mode",
                "value": []
            },
            "StrategyMakerMode_------_backtesting_settings-Whitelist_mode:_backtest_only_candles_with_signals": {
                "enabled": false,
                "tentacle": "StrategyMakerMode_------_backtesting_settings",
                "user_input": "Whitelist_mode:_backtest_only_candles_with_signals",
                "value": []
            },
            "TimeFrameStrategyEvaluator-required_candles_count": {
                "enabled": false,
                "tentacle": "TimeFrameStrategyEvaluator",
                "user_input": "required_candles_count",
                "value": {
                    "max": 0,
                    "min": 0,
                    "step": 1
                }
            },
            "TimeFrameStrategyEvaluator-required_time_frames": {
                "enabled": false,
                "tentacle": "TimeFrameStrategyEvaluator",
                "user_input": "required_time_frames",
                "value": []
            }
        }
    },
    "optimizer_run_settings": {
        "data_files": "ExchangeBotSnapshotWithHistoryCollector_binanceusdm_BTCUSDT_USDT_15m.data",
        "db_update_period": "",
        "default_crossover_percent": "",
        "default_generations_count": "",
        "default_max_mutation_number_multiplier": "",
        "default_mutation_percent": "",
        "default_run_per_generation": "",
        "end_timestamp": null,
        "exchange_type": "use_current_profile",
        "idle_cores": "0",
        "max_mutation_probability_percent": "",
        "max_optimizer_runs": "",
        "min_mutation_probability_percent": "",
        "mode": "normal",
        "notify_when_complete": false,
        "optimizer_id": "1",
        "queue_size": "10000",
        "start_timestamp": null
    }
}