{
    "Amount_of_Evaluators_combined_together_(s1)": 1,
    "Bollinger_Bands_Standard_Deviation_(mo-i1)": 4,
    "Bollinger_Bands_length_(mo-i1)": 12,
    "Candles_history_size": 800,
    "EMA_length_(s1-e1-i1)": 50,
    "EMA_length_(s1-e1-i2)": 50,
    "EMA_length_(s1-e2-i1)": 50,
    "EMA_length_(mo-i1)": 50,
    "Live_Plotting_Mode": "replot visible history",
    "Plot_DCA_signals_(s1-e1)": true,
    "Plot_EMA_(s1-e1-i1)": true,
    "Plot_EMA_(s1-e1-i2)": true,
    "Plot_EMA_(s1-e2-i1)": true,
    "Plot_EMA_(mo-i1)": true,
    "Plot_static_value_(s1-e1-i2)": false,
    "Plot_when_EMA_is_rising_(s1-e1)": true,
    "Plot_when_EMA_is_rising_(s1-e2)": true,
    "Plot_when_price_data_is_above_EMA_(s1-e1)": true,
    "Plot_when_price_data_is_above_static_value_(s1-e1)": false,
    "Recreate_exit_orders_on_new_entrys:_When_enabled_exit_orders_will_be_replaced_with_new_ones_based_on_the_current_candle": false,
    "SL_in_%": 0.5,
    "SL_trailing_type": "trailing stop loss based on sl settings",
    "SL_type": "no SL",
    "Select_Candle_Source_(mo-i1)": "close",
    "Select_Candle_Source_for_data_source_abovei1_(s1-e1)": "low",
    "Select_Data_Source_(s1-e1)": "EMA",
    "Select_Data_Source_(s1-e2)": "EMA",
    "Select_EMA_Candle_Source_(s1-e1-i1)": "close",
    "Select_EMA_Candle_Source_(s1-e1-i2)": "close",
    "Select_EMA_Candle_Source_(s1-e2-i1)": "close",
    "Select_EMA_Candle_Source_(mo-i1)": "close",
    "Select_SL_Indicator_(mo)": "Bollinger Band Low",
    "Select_data_source_above_(s1-e1)": "price_data",
    "Select_data_source_below_(s1-e1)": "static_value",
    "Strategy_1_Settings": {
        "Strategy": {
            "Evaluator 1": {
                "Evaluator 1 - dollar_cost_average": {}
            },
            "Managed Order Settings": {
                "Entry Settings": {},
                "Exit Settings": {
                    "Stop Loss Settings": {},
                    "Take Profit Settings": {}
                },
                "Position Size Settings": {}
            }
        }
    },
    "Strategy_name_and_version": "my strategy",
    "TP_Risk_Reward_target": 2,
    "Take_profit_type": "dont use managed Take Profit",
    "Trading_direction_(s1)": "long",
    "Trigger_timeframes": [
        "1d"
    ],
    "activate_trade_analysis_(slows_down_backtests)": true,
    "activation_method": "once per bar close",
    "amount_of_consecutive_rising_candles_before_flashing_a_signal_(s1-e1)": 2,
    "amount_of_consecutive_rising_candles_before_flashing_a_signal_(s1-e2)": 2,
    "default_config": [
        "BlankStrategyEvaluator"
    ],
    "enable_copy_trading_host": false,
    "enable_detailed_trade_alerts": true,
    "enable_evaluator_1_(s1)": true,
    "enable_evaluator_2_(s1)": true,
    "enable_plotting_capability_for_backtests": true,
    "enable_skip_backtesting_runs": false,
    "enable_trailing_stop_loss": true,
    "entry_type": "Market in",
    "flash_signals_only_on_the_first_candle_(s1-e1)": false,
    "flash_signals_only_on_the_first_candle_(s1-e2)": false,
    "leverage": 1,
    "max_SL_in_%": 5,
    "max_position_in_%_of_account_size": 200,
    "min_SL_in_%": 0.1,
    "plot_Bollinger_Bands_(mo-i1)": true,
    "position_Size_Type": "Position size based on % of account size",
    "position_per_trade_in_%_of_account_size": 0.9,
    "price_data_needs_to_be_x_percent_above_EMA_(s1-e1)": 0,
    "price_data_needs_to_be_x_percent_above_static_value_(s1-e1)": 0,
    "required_strategies": [
        "TimeFrameStrategyEvaluator"
    ],
    "risk_per_trade_in_%": 0.5,
    "select_a_static_value_(s1-e1-i2)": 40,
    "select_evaluator_1_(s1)": "dollar_cost_average",
    "select_evaluator_2_(s1)": "is_rising",
    "sideways_counts_as_rising_(s1-e1)": true,
    "sideways_counts_as_rising_(s1-e2)": true,
    "signal_delay_(s1-e1)": 0,
    "signals_on_day_of_the_month_(s1-e1)": "5",
    "signals_on_hour_(s1-e1)": "every",
    "signals_on_minute_(s1-e1)": "every",
    "start_stop_loss_trailing_only_when_price_moves_into_profit": true,
    "start_trailing_the_SL_when_price_moves_x%_into_profit": 0.01,
    "total_risk_in_%": 2,
    "trade_analysis": {
        "activation_method": "once per bar close",
        "plot_average_entry": true,
        "plot_balances": true,
        "plot_open_position": false,
        "plot_orders": false
    },
    "use_Data_Source-EMA_config_from_(s1-e2)": "this indicator"
}